-- phpMyAdmin SQL Dump
-- version 5.2.0
-- https://www.phpmyadmin.net/
--
-- Host: 127.0.0.1
-- Generation Time: Aug 29, 2022 at 07:10 PM
-- Server version: 10.4.24-MariaDB
-- PHP Version: 7.4.29

SET SQL_MODE = "NO_AUTO_VALUE_ON_ZERO";
START TRANSACTION;
SET time_zone = "+00:00";


/*!40101 SET @OLD_CHARACTER_SET_CLIENT=@@CHARACTER_SET_CLIENT */;
/*!40101 SET @OLD_CHARACTER_SET_RESULTS=@@CHARACTER_SET_RESULTS */;
/*!40101 SET @OLD_COLLATION_CONNECTION=@@COLLATION_CONNECTION */;
/*!40101 SET NAMES utf8mb4 */;

--
-- Database: `yammk`
--

-- --------------------------------------------------------

--
-- Table structure for table `activity_log`
--

CREATE TABLE `activity_log` (
  `id` bigint(20) UNSIGNED NOT NULL,
  `log_name` varchar(191) COLLATE utf8mb4_unicode_ci DEFAULT NULL,
  `description` text COLLATE utf8mb4_unicode_ci NOT NULL,
  `subject_type` varchar(191) COLLATE utf8mb4_unicode_ci DEFAULT NULL,
  `subject_id` bigint(20) UNSIGNED DEFAULT NULL,
  `causer_type` varchar(191) COLLATE utf8mb4_unicode_ci DEFAULT NULL,
  `causer_id` bigint(20) UNSIGNED DEFAULT NULL,
  `properties` longtext CHARACTER SET utf8mb4 COLLATE utf8mb4_bin DEFAULT NULL CHECK (json_valid(`properties`)),
  `created_at` timestamp NULL DEFAULT NULL,
  `updated_at` timestamp NULL DEFAULT NULL
) ENGINE=InnoDB DEFAULT CHARSET=utf8mb4 COLLATE=utf8mb4_unicode_ci;

--
-- Dumping data for table `activity_log`
--

INSERT INTO `activity_log` (`id`, `log_name`, `description`, `subject_type`, `subject_id`, `causer_type`, `causer_id`, `properties`, `created_at`, `updated_at`) VALUES
(5, 'default', 'mahmoudتعديل كلمة المرور', NULL, NULL, 'App\\Models\\Admin', 1, '[]', '2022-08-23 08:35:08', '2022-08-23 08:35:08'),
(6, 'default', 'zygewidivتعديل المستخدم : ', NULL, NULL, 'App\\Models\\Admin', 1, '[]', '2022-08-23 08:40:58', '2022-08-23 08:40:58'),
(7, 'default', 'zygewidivتعديل المستخدم  ', NULL, NULL, 'App\\Models\\Admin', 1, '[]', '2022-08-23 08:41:46', '2022-08-23 08:41:46'),
(8, 'default', 'zygewidiv تعديل كلمة المرور للمستخدم  ', NULL, NULL, 'App\\Models\\Admin', 1, '[]', '2022-08-23 08:43:03', '2022-08-23 08:43:03'),
(9, 'default', ' تصدير ملف إكسل لبيانات مزودي الخدمات ', NULL, NULL, 'App\\Models\\Admin', 1, '[]', '2022-08-23 08:50:43', '2022-08-23 08:50:43'),
(10, 'default', 'فلسطين تعديل التصنيف ', NULL, NULL, 'App\\Models\\Admin', 1, '[]', '2022-08-23 08:52:44', '2022-08-23 08:52:44'),
(11, 'default', 'مرحبا تعديل خيارات الوجبة ', NULL, NULL, 'App\\Models\\Admin', 1, '[]', '2022-08-23 08:55:33', '2022-08-23 08:55:33'),
(12, 'default', 'Hope Byrd إضافة خيارات للوجبة ', NULL, NULL, 'App\\Models\\Admin', 1, '[]', '2022-08-23 08:55:49', '2022-08-23 08:55:49'),
(13, 'default', ' تصدير تقرير لبيانات الوجبات ', NULL, NULL, 'App\\Models\\Admin', 1, '[]', '2022-08-23 08:59:13', '2022-08-23 08:59:13'),
(14, 'default', ' تعديل الوجبة ', NULL, NULL, 'App\\Models\\Admin', 1, '[]', '2022-08-23 09:03:35', '2022-08-23 09:03:35'),
(15, 'default', ' تعديل الوجبة ', NULL, NULL, 'App\\Models\\Admin', 1, '[]', '2022-08-23 09:05:25', '2022-08-23 09:05:25'),
(16, '$item->name', ' تعديل الوجبة ', NULL, NULL, 'App\\Models\\Admin', 1, '[]', '2022-08-23 09:05:49', '2022-08-23 09:05:49'),
(17, 'Omnis asperiores aut', ' تعديل الوجبة ', NULL, NULL, 'App\\Models\\Admin', 1, '[]', '2022-08-23 09:07:18', '2022-08-23 09:07:18'),
(18, 'Omnis asperiores aut', ' تعديل الوجبة ', NULL, NULL, 'App\\Models\\Admin', 1, '[]', '2022-08-23 09:07:21', '2022-08-23 09:07:21'),
(19, 'Susan Shepherd', ' إضافة خيارات للوجبة ', NULL, NULL, 'App\\Models\\Admin', 1, '[]', '2022-08-23 09:09:48', '2022-08-23 09:09:48'),
(20, 'Susan Shepherd', ' حذف خيار للوجبة ', NULL, NULL, 'App\\Models\\Admin', 1, '[]', '2022-08-23 09:12:22', '2022-08-23 09:12:22'),
(21, 'السلام', ' تعديل مزود الخدمة ', NULL, NULL, 'App\\Models\\Admin', 1, '[]', '2022-08-23 09:14:41', '2022-08-23 09:14:41'),
(22, 'default', ' تصدير ملف إكسل لبيانات مزودي الخدمات ', NULL, NULL, 'App\\Models\\Admin', 1, '[]', '2022-08-23 09:14:45', '2022-08-23 09:14:45'),
(23, 'default', ' تصدير ملف إكسل لبيانات المستخدمين ', NULL, NULL, 'App\\Models\\Admin', 1, '[]', '2022-08-23 09:21:08', '2022-08-23 09:21:08'),
(24, 'febigytyqi', ' تعديل المستخدم  ', NULL, NULL, 'App\\Models\\Admin', 1, '[]', '2022-08-23 09:21:15', '2022-08-23 09:21:15'),
(25, 'febigytyqi', ' تعديل كلمة المرور للمستخدم  ', NULL, NULL, 'App\\Models\\Admin', 1, '[]', '2022-08-23 09:21:27', '2022-08-23 09:21:27'),
(26, 'فلسطين', ' تعديل التصنيف ', NULL, NULL, 'App\\Models\\Admin', 1, '[]', '2022-08-23 09:22:14', '2022-08-23 09:22:14'),
(27, 'Mariko Clark', ' إضافة تصنيف جديد ', NULL, NULL, 'App\\Models\\Admin', 1, '[]', '2022-08-23 09:22:25', '2022-08-23 09:22:25'),
(28, 'Azalia Davidson', ' إضافة الخيار ', NULL, NULL, 'App\\Models\\Admin', 1, '[]', '2022-08-23 09:23:44', '2022-08-23 09:23:44'),
(29, 'Azalia Davidson', ' تعديل الخيار ', NULL, NULL, 'App\\Models\\Admin', 1, '[]', '2022-08-23 09:23:51', '2022-08-23 09:23:51'),
(30, 'Damian Collier', ' تعديل كود الخصم ', NULL, NULL, 'App\\Models\\Admin', 1, '[]', '2022-08-23 09:25:45', '2022-08-23 09:25:45'),
(31, '29', 'تعديل في حالة الطلب ', NULL, NULL, 'App\\Models\\Admin', 1, '[]', '2022-08-23 09:32:22', '2022-08-23 09:32:22'),
(32, '29', 'تعديل في حالة الطلب ', NULL, NULL, 'App\\Models\\Admin', 1, '[]', '2022-08-23 09:35:05', '2022-08-23 09:35:05'),
(33, 'default', ' تصدير تقرير لبيانات الوجبات ', NULL, NULL, 'App\\Models\\Admin', 1, '[]', '2022-08-23 09:36:00', '2022-08-23 09:36:00'),
(34, '6', ' إضافة مطبخ جديد ', NULL, NULL, 'App\\Models\\Admin', 1, '[]', '2022-08-23 09:37:35', '2022-08-23 09:37:35'),
(35, '4', ' تعديل المطبخ ', NULL, NULL, 'App\\Models\\Admin', 1, '[]', '2022-08-23 09:37:42', '2022-08-23 09:37:42'),
(36, '3', ' إضافة اعلان جديد ', NULL, NULL, 'App\\Models\\Admin', 1, '[]', '2022-08-23 09:39:16', '2022-08-23 09:39:16'),
(37, '2', ' تعديل الاعلان ', NULL, NULL, 'App\\Models\\Admin', 1, '[]', '2022-08-23 09:39:34', '2022-08-23 09:39:34'),
(38, 'سياسة الخصوصية', ' تعديل في صفحة ', NULL, NULL, 'App\\Models\\Admin', 1, '[]', '2022-08-23 09:45:29', '2022-08-23 09:45:29'),
(39, 'default', ' تصدير ملف إكسل لبيانات مزودي الخدمات ', NULL, NULL, 'App\\Models\\Admin', 1, '[]', '2022-08-24 02:48:29', '2022-08-24 02:48:29'),
(40, 'default', ' تصدير ملف إكسل لبيانات مزودي الخدمات ', NULL, NULL, 'App\\Models\\Admin', 1, '[]', '2022-08-24 02:53:56', '2022-08-24 02:53:56'),
(41, 'default', ' تصدير ملف إكسل لبيانات مزودي الخدمات ', NULL, NULL, 'App\\Models\\Admin', 1, '[]', '2022-08-24 03:13:51', '2022-08-24 03:13:51'),
(42, 'default', ' تصدير ملف إكسل لبيانات مزودي الخدمات ', NULL, NULL, 'App\\Models\\Admin', 1, '[]', '2022-08-24 03:14:32', '2022-08-24 03:14:32'),
(43, 'default', ' تصدير ملف إكسل لبيانات مزودي الخدمات ', NULL, NULL, 'App\\Models\\Admin', 1, '[]', '2022-08-24 03:15:29', '2022-08-24 03:15:29'),
(44, 'default', ' تصدير ملف إكسل لبيانات مزودي الخدمات ', NULL, NULL, 'App\\Models\\Admin', 1, '[]', '2022-08-24 03:15:48', '2022-08-24 03:15:48'),
(45, 'default', ' تصدير ملف إكسل لبيانات مزودي الخدمات ', NULL, NULL, 'App\\Models\\Admin', 1, '[]', '2022-08-24 03:24:31', '2022-08-24 03:24:31'),
(46, 'default', ' تصدير ملف إكسل لبيانات مزودي الخدمات ', NULL, NULL, 'App\\Models\\Admin', 1, '[]', '2022-08-24 03:24:47', '2022-08-24 03:24:47'),
(47, 'default', ' تصدير ملف إكسل لبيانات مزودي الخدمات ', NULL, NULL, 'App\\Models\\Admin', 1, '[]', '2022-08-24 03:25:02', '2022-08-24 03:25:02'),
(48, 'default', ' تصدير ملف PDF لبيانات مزودي الخدمات ', NULL, NULL, 'App\\Models\\Admin', 1, '[]', '2022-08-24 03:34:21', '2022-08-24 03:34:21'),
(49, 'default', ' تصدير ملف PDF لبيانات مزودي الخدمات ', NULL, NULL, 'App\\Models\\Admin', 1, '[]', '2022-08-24 03:38:18', '2022-08-24 03:38:18'),
(50, 'default', ' تصدير ملف إكسل لبيانات الطلبات ', NULL, NULL, 'App\\Models\\Admin', 1, '[]', '2022-08-24 03:42:53', '2022-08-24 03:42:53'),
(51, 'default', ' تصدير ملف PDF لبيانات الطلبات ', NULL, NULL, 'App\\Models\\Admin', 1, '[]', '2022-08-24 03:50:05', '2022-08-24 03:50:05'),
(52, 'default', ' تصدير ملف PDF لبيانات مزودي الخدمات ', NULL, NULL, 'App\\Models\\Admin', 1, '[]', '2022-08-24 03:50:35', '2022-08-24 03:50:35'),
(53, 'default', ' تصدير ملف PDF لبيانات الطلبات ', NULL, NULL, 'App\\Models\\Admin', 1, '[]', '2022-08-24 03:54:12', '2022-08-24 03:54:12'),
(54, 'default', ' تصدير ملف PDF لبيانات الطلبات ', NULL, NULL, 'App\\Models\\Admin', 1, '[]', '2022-08-24 03:57:10', '2022-08-24 03:57:10'),
(55, 'default', ' تصدير ملف PDF لبيانات الطلبات ', NULL, NULL, 'App\\Models\\Admin', 1, '[]', '2022-08-24 03:58:36', '2022-08-24 03:58:36'),
(56, 'default', ' تصدير ملف PDF لبيانات مزودي الخدمات ', NULL, NULL, 'App\\Models\\Admin', 1, '[]', '2022-08-24 03:59:56', '2022-08-24 03:59:56'),
(57, 'default', ' تصدير ملف إكسل لبيانات المستخدمين ', NULL, NULL, 'App\\Models\\Admin', 1, '[]', '2022-08-24 04:01:53', '2022-08-24 04:01:53'),
(58, 'default', ' تصدير ملف إكسل لبيانات المستخدمين ', NULL, NULL, 'App\\Models\\Admin', 1, '[]', '2022-08-24 04:05:27', '2022-08-24 04:05:27'),
(59, 'default', ' تصدير ملف PDF لبيانات المستخدمين ', NULL, NULL, 'App\\Models\\Admin', 1, '[]', '2022-08-24 04:07:14', '2022-08-24 04:07:14'),
(60, 'default', ' تصدير ملف PDF لبيانات المستخدمين ', NULL, NULL, 'App\\Models\\Admin', 1, '[]', '2022-08-24 04:07:35', '2022-08-24 04:07:35'),
(61, 'default', ' تصدير ملف إكسل لبيانات الرسائل ', NULL, NULL, 'App\\Models\\Admin', 1, '[]', '2022-08-24 04:11:50', '2022-08-24 04:11:50'),
(62, 'default', ' تصدير ملف PDF لبيانات الرسائل ', NULL, NULL, 'App\\Models\\Admin', 1, '[]', '2022-08-24 04:12:47', '2022-08-24 04:12:47'),
(63, 'default', ' تصدير ملف PDF لبيانات الرسائل ', NULL, NULL, 'App\\Models\\Admin', 1, '[]', '2022-08-24 04:13:55', '2022-08-24 04:13:55'),
(64, 'default', ' تصدير ملف PDF لبيانات الرسائل ', NULL, NULL, 'App\\Models\\Admin', 1, '[]', '2022-08-24 04:14:36', '2022-08-24 04:14:36'),
(65, 'default', ' تصدير ملف PDF لبيانات طلبات الانضمام ', NULL, NULL, 'App\\Models\\Admin', 1, '[]', '2022-08-24 04:19:14', '2022-08-24 04:19:14'),
(66, 'default', ' تصدير ملف PDF لبيانات الطلبات ', NULL, NULL, 'App\\Models\\Admin', 1, '[]', '2022-08-24 04:24:46', '2022-08-24 04:24:46'),
(67, 'default', ' تصدير ملف إكسل لبيانات الطلبات ', NULL, NULL, 'App\\Models\\Admin', 1, '[]', '2022-08-24 04:24:57', '2022-08-24 04:24:57'),
(68, 'default', ' تصدير ملف PDF لبيانات الطلبات ', NULL, NULL, 'App\\Models\\Subadmin', 3, '[]', '2022-08-24 04:26:41', '2022-08-24 04:26:41'),
(69, 'default', ' تصدير ملف PDF لبيانات الطلبات ', NULL, NULL, 'App\\Models\\Admin', 1, '[]', '2022-08-24 04:37:38', '2022-08-24 04:37:38'),
(70, 'default', ' تصدير تقرير لبيانات الطلبات ', NULL, NULL, 'App\\Models\\Admin', 1, '[]', '2022-08-24 04:45:56', '2022-08-24 04:45:56'),
(71, 'default', ' تصدير ملف PDF لبيانات الطلبات ', NULL, NULL, 'App\\Models\\Admin', 1, '[]', '2022-08-24 04:46:04', '2022-08-24 04:46:04'),
(72, 'default', ' تصدير ملف إكسل لبيانات الطلبات ', NULL, NULL, 'App\\Models\\Admin', 1, '[]', '2022-08-24 04:46:08', '2022-08-24 04:46:08'),
(73, 'default', ' تصدير تقرير لبيانات الوجبات ', NULL, NULL, 'App\\Models\\Admin', 1, '[]', '2022-08-24 05:06:12', '2022-08-24 05:06:12'),
(74, 'default', ' تصدير تقرير لبيانات الطلبات ', NULL, NULL, 'App\\Models\\Admin', 1, '[]', '2022-08-24 05:06:21', '2022-08-24 05:06:21'),
(75, 'default', ' تصدير ملف إكسل لبيانات الطلبات ', NULL, NULL, 'App\\Models\\Admin', 1, '[]', '2022-08-24 05:06:32', '2022-08-24 05:06:32'),
(76, 'default', ' تصدير تقرير لبيانات الوجبات ', NULL, NULL, 'App\\Models\\Admin', 1, '[]', '2022-08-24 05:08:37', '2022-08-24 05:08:37'),
(77, 'default', ' تصدير ملف إكسل لبيانات الوجبات ', NULL, NULL, 'App\\Models\\Admin', 1, '[]', '2022-08-24 05:17:50', '2022-08-24 05:17:50'),
(78, 'default', ' تصدير ملف إكسل لبيانات الطلبات ', NULL, NULL, 'App\\Models\\Admin', 1, '[]', '2022-08-24 05:18:47', '2022-08-24 05:18:47'),
(79, 'default', ' تصدير ملف PDF لبيانات الطلبات ', NULL, NULL, 'App\\Models\\Admin', 1, '[]', '2022-08-24 05:18:50', '2022-08-24 05:18:50'),
(80, 'default', ' تصدير ملف PDF لبيانات المستخدمين ', NULL, NULL, 'App\\Models\\Admin', 1, '[]', '2022-08-25 03:15:06', '2022-08-25 03:15:06'),
(81, 'default', ' تصدير ملف PDF لبيانات المستخدمين ', NULL, NULL, 'App\\Models\\Admin', 1, '[]', '2022-08-25 03:15:44', '2022-08-25 03:15:44'),
(82, 'Garth Hahn', ' إضافة خيارات للوجبة ', NULL, NULL, 'App\\Models\\Admin', 1, '[]', '2022-08-25 04:44:33', '2022-08-25 04:44:33'),
(83, 'Emma Glenn', ' إضافة خيارات للوجبة ', NULL, NULL, 'App\\Models\\Admin', 1, '[]', '2022-08-25 04:45:04', '2022-08-25 04:45:04'),
(84, 'Emma Glenn', ' حذف خيار للوجبة ', NULL, NULL, 'App\\Models\\Admin', 1, '[]', '2022-08-25 04:45:21', '2022-08-25 04:45:21'),
(85, 'Barbara Vance', ' إضافة خيارات للوجبة ', NULL, NULL, 'App\\Models\\Admin', 1, '[]', '2022-08-25 04:49:30', '2022-08-25 04:49:30'),
(86, 'Zachary Townsend', ' إضافة خيارات للوجبة ', NULL, NULL, 'App\\Models\\Admin', 1, '[]', '2022-08-25 04:50:06', '2022-08-25 04:50:06'),
(87, 'Ebony Durham', ' إضافة خيارات للوجبة ', NULL, NULL, 'App\\Models\\Admin', 1, '[]', '2022-08-25 04:51:16', '2022-08-25 04:51:16'),
(88, 'Tad Jones', ' إضافة خيارات للوجبة ', NULL, NULL, 'App\\Models\\Admin', 1, '[]', '2022-08-25 04:55:28', '2022-08-25 04:55:28'),
(89, 'Sonya Drake', ' إضافة خيارات للوجبة ', NULL, NULL, 'App\\Models\\Admin', 1, '[]', '2022-08-25 04:56:31', '2022-08-25 04:56:31'),
(90, 'Leila Roth', ' إضافة خيارات للوجبة ', NULL, NULL, 'App\\Models\\Admin', 1, '[]', '2022-08-25 04:57:59', '2022-08-25 04:57:59'),
(91, 'السلام', ' تعديل مزود الخدمة ', NULL, NULL, 'App\\Models\\Admin', 1, '[]', '2022-08-25 05:36:41', '2022-08-25 05:36:41'),
(92, 'السلام', ' تعديل مزود الخدمة ', NULL, NULL, 'App\\Models\\Admin', 1, '[]', '2022-08-25 05:57:59', '2022-08-25 05:57:59'),
(93, 'السلام', ' تعديل مزود الخدمة ', NULL, NULL, 'App\\Models\\Admin', 1, '[]', '2022-08-25 05:58:07', '2022-08-25 05:58:07'),
(94, 'Larissa Griffin', ' إضافة مزود الخدمة ', NULL, NULL, 'App\\Models\\Admin', 1, '[]', '2022-08-25 06:00:31', '2022-08-25 06:00:31'),
(95, 'Larissa Griffin', ' تعديل مزود الخدمة ', NULL, NULL, 'App\\Models\\Admin', 1, '[]', '2022-08-25 06:02:14', '2022-08-25 06:02:14'),
(96, 'Oren Richmond', ' إضافة مطبخ جديد ', NULL, NULL, 'App\\Models\\Admin', 1, '[]', '2022-08-25 06:20:50', '2022-08-25 06:20:50'),
(97, 'Zahir Pearson', ' إضافة مطبخ جديد ', NULL, NULL, 'App\\Models\\Admin', 1, '[]', '2022-08-25 06:20:55', '2022-08-25 06:20:55'),
(98, 'Lucian Holden', ' إضافة مطبخ جديد ', NULL, NULL, 'App\\Models\\Admin', 1, '[]', '2022-08-25 06:21:00', '2022-08-25 06:21:00'),
(99, 'فلسطين', 'إضافة تصنيف جديد ', NULL, NULL, 'App\\Models\\Subadmin', 3, '[]', '2022-08-25 06:33:19', '2022-08-25 06:33:19'),
(100, 'default', 'تعديل الوجبة ', NULL, NULL, 'App\\Models\\Subadmin', 3, '[]', '2022-08-25 06:36:20', '2022-08-25 06:36:20'),
(101, 'Iusto unde sint sol', 'تعديل الوجبة ', NULL, NULL, 'App\\Models\\Subadmin', 3, '[]', '2022-08-25 06:37:02', '2022-08-25 06:37:02'),
(102, 'default', ' إضافة خيارات للوجبة ', NULL, NULL, 'App\\Models\\Subadmin', 3, '[]', '2022-08-25 06:46:51', '2022-08-25 06:46:51'),
(103, 'Lila Stafford', ' حذف خيار للوجبة ', NULL, NULL, 'App\\Models\\Admin', 1, '[]', '2022-08-25 06:46:59', '2022-08-25 06:46:59'),
(104, '52', 'تعديل في حالة الطلب ', NULL, NULL, 'App\\Models\\Admin', 1, '[]', '2022-08-25 09:01:27', '2022-08-25 09:01:27'),
(105, '52', 'تعديل في حالة الطلب ', NULL, NULL, 'App\\Models\\Admin', 1, '[]', '2022-08-25 09:03:45', '2022-08-25 09:03:45'),
(106, '52', 'تعديل في حالة الطلب ', NULL, NULL, 'App\\Models\\Admin', 1, '[]', '2022-08-25 09:04:34', '2022-08-25 09:04:34'),
(107, '52', 'تعديل في حالة الطلب ', NULL, NULL, 'App\\Models\\Admin', 1, '[]', '2022-08-25 09:04:48', '2022-08-25 09:04:48'),
(108, '52', 'تعديل في حالة الطلب ', NULL, NULL, 'App\\Models\\Admin', 1, '[]', '2022-08-25 09:10:02', '2022-08-25 09:10:02'),
(109, '52', 'تعديل في حالة الطلب ', NULL, NULL, 'App\\Models\\Admin', 1, '[]', '2022-08-25 09:10:30', '2022-08-25 09:10:30'),
(110, '52', 'تعديل في حالة الطلب ', NULL, NULL, 'App\\Models\\Admin', 1, '[]', '2022-08-25 09:11:11', '2022-08-25 09:11:11'),
(111, 'default', ' تصدير ملف PDF لبيانات الطلبات ', NULL, NULL, 'App\\Models\\Subadmin', 3, '[]', '2022-08-25 09:34:02', '2022-08-25 09:34:02'),
(112, 'default', ' إضافة خيارات للوجبة ', NULL, NULL, 'App\\Models\\Subadmin', 3, '[]', '2022-08-25 09:37:42', '2022-08-25 09:37:42'),
(113, 'شاورما', ' إضافة خيارات للوجبة ', NULL, NULL, 'App\\Models\\Subadmin', 3, '[]', '2022-08-25 09:38:51', '2022-08-25 09:38:51'),
(114, 'Larissa Griffin', ' تعديل مزود الخدمة ', NULL, NULL, 'App\\Models\\Admin', 1, '[]', '2022-08-25 09:40:20', '2022-08-25 09:40:20'),
(115, 'default', ' تصدير ملف PDF لبيانات المستخدمين ', NULL, NULL, 'App\\Models\\Admin', 1, '[]', '2022-08-25 09:40:37', '2022-08-25 09:40:37'),
(116, 'default', ' تصدير ملف PDF لبيانات المستخدمين ', NULL, NULL, 'App\\Models\\Admin', 1, '[]', '2022-08-25 09:43:25', '2022-08-25 09:43:25'),
(117, 'default', ' تصدير ملف إكسل لبيانات المستخدمين ', NULL, NULL, 'App\\Models\\Admin', 1, '[]', '2022-08-25 09:57:51', '2022-08-25 09:57:51'),
(118, 'default', ' تصدير ملف إكسل لبيانات المستخدمين ', NULL, NULL, 'App\\Models\\Admin', 1, '[]', '2022-08-25 09:59:21', '2022-08-25 09:59:21'),
(119, 'default', ' تصدير ملف إكسل لبيانات مزودي الخدمات ', NULL, NULL, 'App\\Models\\Admin', 1, '[]', '2022-08-25 09:59:32', '2022-08-25 09:59:32'),
(120, '81', 'تعديل في حالة الطلب ', NULL, NULL, 'App\\Models\\Admin', 1, '[]', '2022-08-28 06:43:11', '2022-08-28 06:43:11'),
(121, 'febigytyqi', ' تعديل المستخدم  ', NULL, NULL, 'App\\Models\\Admin', 1, '[]', '2022-08-28 08:21:05', '2022-08-28 08:21:05'),
(122, '18', 'تعديل في حالة الطلب ', NULL, NULL, 'App\\Models\\Admin', 1, '[]', '2022-08-28 08:23:56', '2022-08-28 08:23:56'),
(123, 'Leila Roth', ' حذف خيار للوجبة ', NULL, NULL, 'App\\Models\\Admin', 1, '[]', '2022-08-28 08:27:51', '2022-08-28 08:27:51'),
(124, 'Sonya Drake', ' حذف خيار للوجبة ', NULL, NULL, 'App\\Models\\Admin', 1, '[]', '2022-08-28 08:27:54', '2022-08-28 08:27:54'),
(125, 'default', ' تعديل خيارات الوجبة ', NULL, NULL, 'App\\Models\\Admin', 1, '[]', '2022-08-28 08:31:41', '2022-08-28 08:31:41'),
(126, 'default', ' تعديل خيارات الوجبة ', NULL, NULL, 'App\\Models\\Admin', 1, '[]', '2022-08-28 08:35:16', '2022-08-28 08:35:16'),
(127, 'Iusto unde sint sol', ' تعديل خيارات الوجبة ', NULL, NULL, 'App\\Models\\Admin', 1, '[]', '2022-08-28 08:38:20', '2022-08-28 08:38:20'),
(128, 'Iusto unde sint sol', ' تعديل خيارات الوجبة ', NULL, NULL, 'App\\Models\\Admin', 1, '[]', '2022-08-28 08:39:45', '2022-08-28 08:39:45'),
(129, 'Iusto unde sint sol', ' تعديل خيارات الوجبة ', NULL, NULL, 'App\\Models\\Admin', 1, '[]', '2022-08-28 08:40:58', '2022-08-28 08:40:58'),
(130, 'Iusto unde sint sol', ' تعديل خيارات الوجبة ', NULL, NULL, 'App\\Models\\Admin', 1, '[]', '2022-08-28 08:47:16', '2022-08-28 08:47:16'),
(131, 'Iusto unde sint sol', ' تعديل خيارات الوجبة ', NULL, NULL, 'App\\Models\\Admin', 1, '[]', '2022-08-28 08:47:24', '2022-08-28 08:47:24'),
(132, 'Iusto unde sint sol', ' تعديل خيارات الوجبة ', NULL, NULL, 'App\\Models\\Admin', 1, '[]', '2022-08-28 08:47:44', '2022-08-28 08:47:44'),
(133, 'Iusto unde sint sol', ' إضافة خيارات للوجبة ', NULL, NULL, 'App\\Models\\Admin', 1, '[]', '2022-08-28 08:48:10', '2022-08-28 08:48:10'),
(134, 'Iusto unde sint sol', ' إضافة خيارات للوجبة ', NULL, NULL, 'App\\Models\\Admin', 1, '[]', '2022-08-28 08:48:42', '2022-08-28 08:48:42'),
(135, 'Rahim Humphrey', ' حذف خيار للوجبة ', NULL, NULL, 'App\\Models\\Admin', 1, '[]', '2022-08-28 08:48:58', '2022-08-28 08:48:58'),
(136, 'Nicholas Hinton', ' حذف خيار للوجبة ', NULL, NULL, 'App\\Models\\Admin', 1, '[]', '2022-08-28 08:49:44', '2022-08-28 08:49:44'),
(137, '18', 'تعديل في حالة الطلب ', NULL, NULL, 'App\\Models\\Admin', 1, '[]', '2022-08-28 08:55:52', '2022-08-28 08:55:52'),
(138, 'Maxine Cameron', ' تعديل مزود الخدمة ', NULL, NULL, 'App\\Models\\Admin', 1, '[]', '2022-08-28 09:29:09', '2022-08-28 09:29:09'),
(139, 'taulandi', ' تعديل ساعات العمل لمزود الخدمة ', NULL, NULL, 'App\\Models\\Admin', 1, '[]', '2022-08-28 09:30:49', '2022-08-28 09:30:49'),
(140, 'taulandi', ' تعديل كلمة المرور لمزود الخدمة ', NULL, NULL, 'App\\Models\\Admin', 1, '[]', '2022-08-28 09:31:04', '2022-08-28 09:31:04'),
(141, '80', 'تعديل في حالة الطلب ', NULL, NULL, 'App\\Models\\Admin', 1, '[]', '2022-08-28 09:48:31', '2022-08-28 09:48:31'),
(142, '80', 'تعديل في حالة الطلب ', NULL, NULL, 'App\\Models\\Admin', 1, '[]', '2022-08-28 09:51:17', '2022-08-28 09:51:17'),
(143, 'default', ' تصدير ملف إكسل لبيانات مزودي الخدمات ', NULL, NULL, 'App\\Models\\Admin', 1, '[]', '2022-08-29 03:22:51', '2022-08-29 03:22:51'),
(144, 'default', ' تصدير ملف PDF لبيانات مزودي الخدمات ', NULL, NULL, 'App\\Models\\Admin', 1, '[]', '2022-08-29 03:23:58', '2022-08-29 03:23:58'),
(145, 'Justin Murray', ' إضافة مزود الخدمة ', NULL, NULL, 'App\\Models\\Admin', 1, '[]', '2022-08-29 03:30:54', '2022-08-29 03:30:54'),
(146, 'Justin Murray', ' تعديل مزود الخدمة ', NULL, NULL, 'App\\Models\\Admin', 1, '[]', '2022-08-29 03:31:17', '2022-08-29 03:31:17'),
(147, '80', 'تعديل في حالة الطلب ', NULL, NULL, 'App\\Models\\Admin', 1, '[]', '2022-08-29 03:32:36', '2022-08-29 03:32:36'),
(148, 'Urielle Levine', ' إضافة تصنيف جديد ', NULL, NULL, 'App\\Models\\Admin', 1, '[]', '2022-08-29 03:35:33', '2022-08-29 03:35:33'),
(149, 'Iusto unde sint sol', ' تعديل الوجبة ', NULL, NULL, 'App\\Models\\Admin', 1, '[]', '2022-08-29 03:52:57', '2022-08-29 03:52:57'),
(150, 'Iusto unde sint sol', ' تعديل الوجبة ', NULL, NULL, 'App\\Models\\Admin', 1, '[]', '2022-08-29 03:53:02', '2022-08-29 03:53:02'),
(151, 'Iusto unde sint sol', ' إضافة خيارات للوجبة ', NULL, NULL, 'App\\Models\\Admin', 1, '[]', '2022-08-29 03:56:33', '2022-08-29 03:56:33'),
(152, 'q', ' تعديل الخيار ', NULL, NULL, 'App\\Models\\Admin', 1, '[]', '2022-08-29 03:57:05', '2022-08-29 03:57:05'),
(153, 's', ' تعديل الخيار ', NULL, NULL, 'App\\Models\\Admin', 1, '[]', '2022-08-29 03:57:16', '2022-08-29 03:57:16'),
(154, 'Erasmus Espinoza', ' تعديل الخيار ', NULL, NULL, 'App\\Models\\Admin', 1, '[]', '2022-08-29 03:57:30', '2022-08-29 03:57:30'),
(155, 'q', ' تعديل الخيار ', NULL, NULL, 'App\\Models\\Admin', 1, '[]', '2022-08-29 03:57:55', '2022-08-29 03:57:55'),
(156, 'q', ' تعديل الخيار ', NULL, NULL, 'App\\Models\\Admin', 1, '[]', '2022-08-29 03:58:00', '2022-08-29 03:58:00'),
(157, '80', 'تعديل في حالة الطلب ', NULL, NULL, 'App\\Models\\Admin', 1, '[]', '2022-08-29 04:02:31', '2022-08-29 04:02:31'),
(158, 'default', ' تصدير ملف PDF لبيانات الطلبات ', NULL, NULL, 'App\\Models\\Admin', 1, '[]', '2022-08-29 04:05:36', '2022-08-29 04:05:36'),
(159, 'febigytyqi', ' تعديل المستخدم  ', NULL, NULL, 'App\\Models\\Admin', 1, '[]', '2022-08-29 05:17:02', '2022-08-29 05:17:02'),
(160, 'febigytyqi', ' تعديل كلمة المرور للمستخدم  ', NULL, NULL, 'App\\Models\\Admin', 1, '[]', '2022-08-29 05:17:18', '2022-08-29 05:17:18'),
(161, 'febigytyqi', ' تعديل المستخدم  ', NULL, NULL, 'App\\Models\\Admin', 1, '[]', '2022-08-29 05:19:52', '2022-08-29 05:19:52'),
(162, 'zygewidiv', ' تعديل المستخدم  ', NULL, NULL, 'App\\Models\\Admin', 1, '[]', '2022-08-29 05:30:17', '2022-08-29 05:30:17'),
(163, 'mahmoud tabaza', ' تعديل المستخدم  ', NULL, NULL, 'App\\Models\\Admin', 1, '[]', '2022-08-29 05:30:46', '2022-08-29 05:30:46'),
(164, 'mahmoud tabaza', ' تعديل المستخدم  ', NULL, NULL, 'App\\Models\\Admin', 1, '[]', '2022-08-29 05:30:56', '2022-08-29 05:30:56'),
(165, 'mahmoud tabaza', ' تعديل المستخدم  ', NULL, NULL, 'App\\Models\\Admin', 1, '[]', '2022-08-29 05:31:38', '2022-08-29 05:31:38'),
(166, 'mahmoud tabaza', ' تعديل المستخدم  ', NULL, NULL, 'App\\Models\\Admin', 1, '[]', '2022-08-29 05:31:52', '2022-08-29 05:31:52'),
(167, 'mahmoud tabaza', ' تعديل المستخدم  ', NULL, NULL, 'App\\Models\\Admin', 1, '[]', '2022-08-29 05:32:00', '2022-08-29 05:32:00'),
(168, 'mahmoud tabaza', ' تعديل المستخدم  ', NULL, NULL, 'App\\Models\\Admin', 1, '[]', '2022-08-29 05:33:27', '2022-08-29 05:33:27'),
(169, 'mahmoud tabaza', ' تعديل المستخدم  ', NULL, NULL, 'App\\Models\\Admin', 1, '[]', '2022-08-29 05:33:46', '2022-08-29 05:33:46'),
(170, 'mahmoud tabaza', ' تعديل المستخدم  ', NULL, NULL, 'App\\Models\\Admin', 1, '[]', '2022-08-29 05:48:06', '2022-08-29 05:48:06'),
(171, 'default', ' تصدير ملف PDF لبيانات الطلبات ', NULL, NULL, 'App\\Models\\Admin', 1, '[]', '2022-08-29 05:51:54', '2022-08-29 05:51:54'),
(172, 'default', ' تصدير ملف PDF لبيانات المستخدمين ', NULL, NULL, 'App\\Models\\Admin', 1, '[]', '2022-08-29 05:52:10', '2022-08-29 05:52:10'),
(173, 'default', ' تصدير ملف PDF لبيانات المستخدمين ', NULL, NULL, 'App\\Models\\Admin', 1, '[]', '2022-08-29 05:53:17', '2022-08-29 05:53:17'),
(174, 'default', ' تصدير ملف PDF لبيانات المستخدمين ', NULL, NULL, 'App\\Models\\Admin', 1, '[]', '2022-08-29 05:53:37', '2022-08-29 05:53:37'),
(175, 'default', ' تصدير ملف إكسل لبيانات المستخدمين ', NULL, NULL, 'App\\Models\\Admin', 1, '[]', '2022-08-29 05:53:47', '2022-08-29 05:53:47'),
(176, 'febigytyqi', ' تعديل المستخدم  ', NULL, NULL, 'App\\Models\\Admin', 1, '[]', '2022-08-29 05:55:04', '2022-08-29 05:55:04'),
(177, 'default', ' تصدير ملف PDF لبيانات المستخدمين ', NULL, NULL, 'App\\Models\\Admin', 1, '[]', '2022-08-29 05:55:49', '2022-08-29 05:55:49'),
(178, 'default', 'إضافة مستخدم جديد', NULL, NULL, 'App\\Models\\Admin', 1, '[]', '2022-08-29 05:56:30', '2022-08-29 05:56:30'),
(179, 'Grady Oliver', ' إضافة كود الخصم ', NULL, NULL, 'App\\Models\\Admin', 1, '[]', '2022-08-29 06:01:05', '2022-08-29 06:01:05'),
(180, 'default', ' تصدير ملف PDF لبيانات الرسائل ', NULL, NULL, 'App\\Models\\Admin', 1, '[]', '2022-08-29 06:08:32', '2022-08-29 06:08:32'),
(181, '6', ' تعديل الاعلان ', NULL, NULL, 'App\\Models\\Admin', 1, '[]', '2022-08-29 06:08:51', '2022-08-29 06:08:51'),
(182, '89', 'تعديل في حالة الطلب ', NULL, NULL, 'App\\Models\\Admin', 1, '[]', '2022-08-29 06:15:25', '2022-08-29 06:15:25'),
(183, 'default', ' تصدير تقرير لبيانات الطلبات ', NULL, NULL, 'App\\Models\\Admin', 1, '[]', '2022-08-29 06:15:51', '2022-08-29 06:15:51'),
(184, 'Teagan Roy', 'إضافة التصنيف ', NULL, NULL, 'App\\Models\\Subadmin', 4, '[]', '2022-08-29 06:23:13', '2022-08-29 06:23:13'),
(185, 'Harum libero volupta', 'تعديل الوجبة ', NULL, NULL, 'App\\Models\\Subadmin', 4, '[]', '2022-08-29 06:25:19', '2022-08-29 06:25:19'),
(186, 'Hope Harrington', ' حذف خيار للوجبة ', NULL, NULL, 'App\\Models\\Admin', 1, '[]', '2022-08-29 06:34:43', '2022-08-29 06:34:43'),
(187, 'Lucy Frank', ' حذف خيار للوجبة ', NULL, NULL, 'App\\Models\\Admin', 1, '[]', '2022-08-29 06:58:12', '2022-08-29 06:58:12'),
(188, 'شاورما', ' تعديل خيارات الوجبة ', NULL, NULL, 'App\\Models\\Admin', 1, '[]', '2022-08-29 06:58:26', '2022-08-29 06:58:26'),
(189, 'Omnis asperiores aut', ' تعديل الوجبة ', NULL, NULL, 'App\\Models\\Admin', 1, '[]', '2022-08-29 07:00:48', '2022-08-29 07:00:48'),
(190, '', ' تحديث بياناته الشخصية ', NULL, NULL, 'App\\Models\\Subadmin', 4, '[]', '2022-08-29 07:51:30', '2022-08-29 07:51:30'),
(191, '', ' تحديث بياناته الشخصية ', NULL, NULL, 'App\\Models\\Subadmin', 4, '[]', '2022-08-29 07:51:43', '2022-08-29 07:51:43'),
(192, '', ' تحديث بياناته الشخصية ', NULL, NULL, 'App\\Models\\Subadmin', 4, '[]', '2022-08-29 07:51:57', '2022-08-29 07:51:57'),
(193, '', ' تحديث بياناته الشخصية ', NULL, NULL, 'App\\Models\\Subadmin', 4, '[]', '2022-08-29 07:52:16', '2022-08-29 07:52:16'),
(194, '', ' تحديث بياناته الشخصية ', NULL, NULL, 'App\\Models\\Subadmin', 4, '[]', '2022-08-29 07:52:21', '2022-08-29 07:52:21'),
(195, '', ' تحديث بياناته الشخصية ', NULL, NULL, 'App\\Models\\Subadmin', 4, '[]', '2022-08-29 07:52:29', '2022-08-29 07:52:29'),
(196, '', ' تحديث بياناته الشخصية ', NULL, NULL, 'App\\Models\\Subadmin', 4, '[]', '2022-08-29 07:52:57', '2022-08-29 07:52:57'),
(197, 'بالميرا', ' تعديل ساعات العمل لمزود الخدمة ', NULL, NULL, 'App\\Models\\Admin', 1, '[]', '2022-08-29 07:53:26', '2022-08-29 07:53:26'),
(198, '', ' تحديث بياناته الشخصية ', NULL, NULL, 'App\\Models\\Subadmin', 4, '[]', '2022-08-29 07:53:41', '2022-08-29 07:53:41'),
(199, '', ' تحديث بياناته الشخصية ', NULL, NULL, 'App\\Models\\Subadmin', 4, '[]', '2022-08-29 07:53:56', '2022-08-29 07:53:56'),
(200, '', ' تحديث بياناته الشخصية ', NULL, NULL, 'App\\Models\\Subadmin', 4, '[]', '2022-08-29 09:03:35', '2022-08-29 09:03:35');

-- --------------------------------------------------------

--
-- Table structure for table `admins`
--

CREATE TABLE `admins` (
  `id` int(10) UNSIGNED NOT NULL,
  `name` varchar(191) COLLATE utf8mb4_unicode_ci NOT NULL,
  `email` varchar(191) COLLATE utf8mb4_unicode_ci NOT NULL,
  `image` varchar(255) COLLATE utf8mb4_unicode_ci DEFAULT NULL,
  `mobile` varchar(191) COLLATE utf8mb4_unicode_ci NOT NULL,
  `password` varchar(191) COLLATE utf8mb4_unicode_ci NOT NULL,
  `remember_token` varchar(100) COLLATE utf8mb4_unicode_ci DEFAULT NULL,
  `status` varchar(191) COLLATE utf8mb4_unicode_ci NOT NULL,
  `created_at` timestamp NULL DEFAULT NULL,
  `updated_at` timestamp NULL DEFAULT NULL
) ENGINE=InnoDB DEFAULT CHARSET=utf8mb4 COLLATE=utf8mb4_unicode_ci;

--
-- Dumping data for table `admins`
--

INSERT INTO `admins` (`id`, `name`, `email`, `image`, `mobile`, `password`, `remember_token`, `status`, `created_at`, `updated_at`) VALUES
(1, 'mahmoud', 'admin@admin.com', '214868', '1234567891', '$2y$10$MvEY0rLrUfWomyQi83D.Xu794mvxrRU9S2AxlGvK69x.q1O8.sAaa', 'YxNDlJ9mBaPdHTo8RNoPphZOP7zJmeySbvZR3N1lTyHVqC2st3IWOC1wX0EO', 'active', '2022-04-05 11:13:26', '2022-08-22 07:05:40'),
(5, 'mahmoud', 'b@b.com', NULL, '0592123488', '$2y$10$gqNChordIltHnWzCtHUTLe0pMtd4llNKP.7LPkplqd2GYnJ1rMc9O', NULL, 'active', '2021-06-21 07:20:27', '2022-08-29 03:19:29'),
(6, 'ali', 'a@a.com', 'byhefXzQ0IOfsYR79208421655122939_6484132.png', '1234567890', '$2y$10$ey2njugOIQeKfpiU4Ms63OTfQH/mcdz5Aqv30qgCOESg2Tj.lPCFO', NULL, 'active', '2022-04-11 08:07:11', '2022-06-13 09:22:19');

-- --------------------------------------------------------

--
-- Table structure for table `admin_roles`
--

CREATE TABLE `admin_roles` (
  `id` bigint(20) UNSIGNED NOT NULL,
  `admin_id` int(11) NOT NULL,
  `role_id` int(11) NOT NULL,
  `created_at` timestamp NULL DEFAULT NULL,
  `updated_at` timestamp NULL DEFAULT NULL,
  `deleted_at` timestamp NULL DEFAULT NULL
) ENGINE=InnoDB DEFAULT CHARSET=utf8mb4 COLLATE=utf8mb4_unicode_ci;

--
-- Dumping data for table `admin_roles`
--

INSERT INTO `admin_roles` (`id`, `admin_id`, `role_id`, `created_at`, `updated_at`, `deleted_at`) VALUES
(2, 6, 1, NULL, NULL, NULL),
(3, 5, 1, NULL, NULL, NULL),
(4, 11, 1, NULL, NULL, NULL);

-- --------------------------------------------------------

--
-- Table structure for table `banners`
--

CREATE TABLE `banners` (
  `id` bigint(20) UNSIGNED NOT NULL,
  `image` varchar(191) COLLATE utf8mb4_unicode_ci NOT NULL,
  `user_id` int(11) DEFAULT 0,
  `status` enum('active','not_active') COLLATE utf8mb4_unicode_ci NOT NULL,
  `created_at` timestamp NULL DEFAULT NULL,
  `updated_at` timestamp NULL DEFAULT NULL,
  `deleted_at` timestamp NULL DEFAULT NULL
) ENGINE=InnoDB DEFAULT CHARSET=utf8mb4 COLLATE=utf8mb4_unicode_ci;

--
-- Dumping data for table `banners`
--

INSERT INTO `banners` (`id`, `image`, `user_id`, `status`, `created_at`, `updated_at`, `deleted_at`) VALUES
(1, 'w5ZrIS3EkzhHmYp41690661660718179_7382233.png', 3, 'active', '2022-08-17 03:34:40', '2022-08-21 04:58:08', NULL),
(2, 'K4OCijUU4SrY5sS94801011660720253_8063619.png', 0, 'active', '2022-08-17 04:10:54', '2022-08-23 06:37:01', NULL),
(3, 'n9yrjHpWzYc9Z5m62428981661258355_7561351.png', 0, 'active', '2022-08-23 09:39:16', '2022-08-29 06:02:47', NULL);

-- --------------------------------------------------------

--
-- Table structure for table `carts`
--

CREATE TABLE `carts` (
  `id` bigint(20) UNSIGNED NOT NULL,
  `fcm_token` varchar(191) COLLATE utf8mb4_unicode_ci NOT NULL,
  `user_id` int(11) NOT NULL,
  `meal_id` int(11) NOT NULL,
  `quantity` int(11) NOT NULL DEFAULT 1,
  `created_at` timestamp NOT NULL DEFAULT current_timestamp(),
  `updated_at` timestamp NULL DEFAULT NULL ON UPDATE current_timestamp(),
  `deleted_at` timestamp NULL DEFAULT NULL
) ENGINE=InnoDB DEFAULT CHARSET=utf8mb4 COLLATE=utf8mb4_unicode_ci;

--
-- Dumping data for table `carts`
--

INSERT INTO `carts` (`id`, `fcm_token`, `user_id`, `meal_id`, `quantity`, `created_at`, `updated_at`, `deleted_at`) VALUES
(42, '123', 11, 1, 2, '2022-08-18 07:05:37', '2022-08-18 07:09:18', '2022-08-18 07:09:18'),
(43, '123', 11, 1, 2, '2022-08-18 07:09:54', '2022-08-18 07:09:58', '2022-08-18 07:09:58'),
(44, '123', 0, 3, 3, '2022-08-18 09:03:57', '2022-08-18 09:07:43', '2022-08-18 09:07:43'),
(45, '123', 0, 3, 3, '2022-08-18 09:07:55', '2022-08-18 09:08:08', '2022-08-18 09:08:08'),
(46, '123', 0, 3, 3, '2022-08-18 09:08:23', '2022-08-18 09:08:40', '2022-08-18 09:08:40'),
(47, '123', 0, 3, 3, '2022-08-18 09:51:00', '2022-08-18 09:51:17', '2022-08-18 09:51:17'),
(48, '123', 0, 3, 3, '2022-08-18 09:51:53', '2022-08-18 09:52:01', '2022-08-18 09:52:01'),
(49, '123', 11, 1, 3, '2022-08-18 09:53:55', '2022-08-21 06:45:29', '2022-08-21 06:45:29'),
(50, '123', 0, 3, 3, '2022-08-21 06:45:34', '2022-08-21 06:47:57', '2022-08-21 06:47:57'),
(51, '123', 0, 3, 3, '2022-08-24 08:37:52', '2022-08-24 08:37:58', '2022-08-24 08:37:58'),
(52, '123', 0, 3, 3, '2022-08-24 08:38:18', '2022-08-24 08:38:23', '2022-08-24 08:38:23'),
(53, '123', 0, 3, 3, '2022-08-24 08:39:08', '2022-08-24 08:39:11', '2022-08-24 08:39:11'),
(54, '123', 0, 8, 3, '2022-08-24 08:44:02', '2022-08-24 08:44:08', '2022-08-24 08:44:08'),
(55, '123', 0, 8, 3, '2022-08-24 08:55:39', '2022-08-24 08:55:44', '2022-08-24 08:55:44'),
(56, '123', 0, 8, 3, '2022-08-24 09:00:03', '2022-08-24 09:00:09', '2022-08-24 09:00:09'),
(57, '123', 0, 8, 3, '2022-08-24 09:00:46', '2022-08-24 09:00:50', '2022-08-24 09:00:50'),
(58, '123', 0, 8, 3, '2022-08-24 09:01:03', '2022-08-24 09:01:07', '2022-08-24 09:01:07'),
(59, '123', 0, 8, 3, '2022-08-24 09:04:15', '2022-08-24 09:04:19', '2022-08-24 09:04:19'),
(60, '123', 0, 8, 3, '2022-08-24 09:27:22', '2022-08-24 09:27:28', '2022-08-24 09:27:28'),
(61, '123', 0, 8, 3, '2022-08-24 09:28:23', '2022-08-24 09:28:29', '2022-08-24 09:28:29'),
(62, '123', 0, 8, 3, '2022-08-24 09:32:28', '2022-08-24 09:32:33', '2022-08-24 09:32:33'),
(63, '123', 0, 8, 3, '2022-08-24 09:37:09', '2022-08-24 09:37:15', '2022-08-24 09:37:15'),
(64, '123', 0, 8, 3, '2022-08-24 10:02:34', '2022-08-24 10:02:38', '2022-08-24 10:02:38'),
(65, '123', 0, 8, 3, '2022-08-24 10:02:55', '2022-08-29 02:54:04', '2022-08-29 02:54:04'),
(66, '123', 0, 3, 3, '2022-08-25 02:59:12', '2022-08-29 03:06:01', '2022-08-29 03:06:01'),
(67, '123', 0, 3, 3, '2022-08-25 03:01:58', '2022-08-25 03:02:03', '2022-08-25 03:02:03'),
(68, '123', 0, 3, 3, '2022-08-25 03:07:55', '2022-08-25 03:08:09', '2022-08-25 03:08:09'),
(69, '123', 0, 3, 3, '2022-08-25 03:09:04', '2022-08-25 03:09:07', '2022-08-25 03:09:07'),
(70, '123', 0, 3, 3, '2022-08-25 03:10:35', '2022-08-25 03:10:39', '2022-08-25 03:10:39'),
(71, '123', 0, 3, 3, '2022-08-25 03:10:53', '2022-08-25 03:10:57', '2022-08-25 03:10:57'),
(72, '123', 0, 3, 3, '2022-08-25 03:17:49', '2022-08-29 03:06:01', '2022-08-29 03:06:01'),
(73, '123', 0, 3, 3, '2022-08-25 03:18:53', '2022-08-29 02:54:55', '2022-08-29 02:54:55'),
(74, '123', 0, 5, 5, '2022-08-28 03:05:01', '2022-08-29 03:14:30', '2022-08-29 03:14:30'),
(75, '123', 0, 5, 5, '2022-08-29 04:38:26', '2022-08-29 04:39:58', '2022-08-29 04:39:58'),
(76, '123', 0, 5, 5, '2022-08-29 04:42:33', '2022-08-29 04:43:19', '2022-08-29 04:43:19'),
(77, '123', 0, 5, 5, '2022-08-29 04:48:43', '2022-08-29 04:50:54', '2022-08-29 04:50:54'),
(78, '123', 0, 5, 5, '2022-08-29 04:51:01', '2022-08-29 04:53:35', '2022-08-29 04:53:35'),
(79, '123', 15, 5, 5, '2022-08-29 04:54:17', '2022-08-29 05:01:27', '2022-08-29 05:01:27'),
(80, '123', 15, 5, 5, '2022-08-29 05:04:11', '2022-08-29 05:04:16', '2022-08-29 05:04:16'),
(81, '123', 15, 5, 5, '2022-08-29 05:08:05', '2022-08-29 05:08:09', '2022-08-29 05:08:09'),
(82, '123', 15, 5, 5, '2022-08-29 05:08:22', '2022-08-29 05:08:27', '2022-08-29 05:08:27'),
(83, '123', 15, 5, 5, '2022-08-29 08:30:19', '2022-08-29 08:30:30', '2022-08-29 08:30:30'),
(84, '123', 15, 5, 5, '2022-08-29 08:31:24', '2022-08-29 08:31:28', '2022-08-29 08:31:28'),
(85, '123', 15, 5, 5, '2022-08-29 08:37:39', '2022-08-29 08:37:44', '2022-08-29 08:37:44'),
(86, '123', 15, 5, 5, '2022-08-29 08:40:32', '2022-08-29 08:40:38', '2022-08-29 08:40:38'),
(87, '123', 15, 5, 5, '2022-08-29 09:05:44', '2022-08-29 09:05:54', '2022-08-29 09:05:54');

-- --------------------------------------------------------

--
-- Table structure for table `cart_extras`
--

CREATE TABLE `cart_extras` (
  `id` bigint(20) UNSIGNED NOT NULL,
  `cart_id` int(11) NOT NULL,
  `extra_id` int(11) NOT NULL,
  `quantity` int(11) NOT NULL DEFAULT 1,
  `created_at` timestamp NOT NULL DEFAULT current_timestamp(),
  `updated_at` timestamp NULL DEFAULT NULL ON UPDATE current_timestamp(),
  `deleted_at` timestamp NULL DEFAULT NULL
) ENGINE=InnoDB DEFAULT CHARSET=utf8mb4 COLLATE=utf8mb4_unicode_ci;

--
-- Dumping data for table `cart_extras`
--

INSERT INTO `cart_extras` (`id`, `cart_id`, `extra_id`, `quantity`, `created_at`, `updated_at`, `deleted_at`) VALUES
(1, 42, 29, 2, '2022-08-18 10:05:37', '2022-08-18 07:09:18', '2022-08-18 07:09:18'),
(2, 42, 30, 3, '2022-08-18 10:05:37', '2022-08-18 07:09:18', '2022-08-18 07:09:18'),
(3, 43, 29, 2, '2022-08-18 10:09:54', '2022-08-18 07:09:58', '2022-08-18 07:09:58'),
(4, 43, 30, 3, '2022-08-18 10:09:54', '2022-08-18 07:09:58', '2022-08-18 07:09:58'),
(5, 49, 33, 2, '2022-08-18 12:53:55', '2022-08-21 06:45:29', '2022-08-21 06:45:29'),
(6, 49, 34, 3, '2022-08-18 12:53:55', '2022-08-21 06:45:29', '2022-08-21 06:45:29');

-- --------------------------------------------------------

--
-- Table structure for table `cart_options`
--

CREATE TABLE `cart_options` (
  `id` bigint(20) UNSIGNED NOT NULL,
  `cart_id` int(11) NOT NULL,
  `option_value_id` int(11) NOT NULL,
  `parent_id` int(11) NOT NULL DEFAULT 0,
  `created_at` timestamp NOT NULL DEFAULT current_timestamp(),
  `updated_at` timestamp NULL DEFAULT NULL ON UPDATE current_timestamp(),
  `deleted_at` timestamp NULL DEFAULT NULL
) ENGINE=InnoDB DEFAULT CHARSET=utf8mb4 COLLATE=utf8mb4_unicode_ci;

--
-- Dumping data for table `cart_options`
--

INSERT INTO `cart_options` (`id`, `cart_id`, `option_value_id`, `parent_id`, `created_at`, `updated_at`, `deleted_at`) VALUES
(1, 42, 3, 0, '2022-08-18 07:05:37', '2022-08-18 07:09:18', '2022-08-18 07:09:18'),
(2, 42, 4, 0, '2022-08-18 07:05:37', '2022-08-18 07:09:18', '2022-08-18 07:09:18'),
(3, 43, 3, 0, '2022-08-18 07:09:54', '2022-08-18 07:09:58', '2022-08-18 07:09:58'),
(4, 43, 4, 0, '2022-08-18 07:09:54', '2022-08-18 07:09:58', '2022-08-18 07:09:58'),
(5, 44, 3, 3, '2022-08-18 09:03:57', '2022-08-18 09:07:43', '2022-08-18 09:07:43'),
(6, 44, 3, 4, '2022-08-18 09:03:57', '2022-08-18 09:07:43', '2022-08-18 09:07:43'),
(7, 45, 3, 3, '2022-08-18 09:07:55', '2022-08-18 09:08:08', '2022-08-18 09:08:08'),
(8, 45, 3, 4, '2022-08-18 09:07:55', '2022-08-18 09:08:08', '2022-08-18 09:08:08'),
(9, 46, 3, 3, '2022-08-18 09:08:23', '2022-08-18 09:08:40', '2022-08-18 09:08:40'),
(10, 46, 3, 4, '2022-08-18 09:08:23', '2022-08-18 09:08:40', '2022-08-18 09:08:40'),
(11, 47, 3, 3, '2022-08-18 09:51:00', '2022-08-18 09:51:17', '2022-08-18 09:51:17'),
(12, 47, 3, 4, '2022-08-18 09:51:00', '2022-08-18 09:51:17', '2022-08-18 09:51:17'),
(13, 48, 3, 3, '2022-08-18 09:51:53', '2022-08-18 09:52:01', '2022-08-18 09:52:01'),
(14, 48, 3, 4, '2022-08-18 09:51:53', '2022-08-18 09:52:01', '2022-08-18 09:52:01'),
(15, 49, 3, 0, '2022-08-18 09:53:55', '2022-08-21 06:45:30', '2022-08-21 06:45:30'),
(16, 49, 4, 0, '2022-08-18 09:53:55', '2022-08-21 06:45:30', '2022-08-21 06:45:30'),
(17, 50, 3, 3, '2022-08-21 06:45:34', '2022-08-21 06:47:57', '2022-08-21 06:47:57'),
(18, 50, 3, 4, '2022-08-21 06:45:34', '2022-08-21 06:47:57', '2022-08-21 06:47:57'),
(19, 51, 3, 3, '2022-08-24 08:37:52', '2022-08-24 08:37:58', '2022-08-24 08:37:58'),
(20, 51, 3, 4, '2022-08-24 08:37:52', '2022-08-24 08:37:58', '2022-08-24 08:37:58'),
(21, 52, 3, 3, '2022-08-24 08:38:18', '2022-08-24 08:38:23', '2022-08-24 08:38:23'),
(22, 52, 3, 4, '2022-08-24 08:38:18', '2022-08-24 08:38:23', '2022-08-24 08:38:23'),
(23, 53, 3, 3, '2022-08-24 08:39:08', '2022-08-24 08:39:11', '2022-08-24 08:39:11'),
(24, 53, 3, 4, '2022-08-24 08:39:08', '2022-08-24 08:39:11', '2022-08-24 08:39:11'),
(25, 66, 3, 3, '2022-08-25 02:59:12', '2022-08-25 02:59:38', '2022-08-25 02:59:38'),
(26, 66, 3, 4, '2022-08-25 02:59:12', '2022-08-25 02:59:38', '2022-08-25 02:59:38'),
(27, 67, 3, 3, '2022-08-25 03:01:58', '2022-08-25 03:02:03', '2022-08-25 03:02:03'),
(28, 67, 3, 4, '2022-08-25 03:01:58', '2022-08-25 03:02:03', '2022-08-25 03:02:03'),
(29, 68, 3, 3, '2022-08-25 03:07:55', '2022-08-25 03:08:09', '2022-08-25 03:08:09'),
(30, 68, 3, 4, '2022-08-25 03:07:55', '2022-08-25 03:08:09', '2022-08-25 03:08:09'),
(31, 69, 3, 3, '2022-08-25 03:09:04', '2022-08-25 03:09:07', '2022-08-25 03:09:07'),
(32, 69, 3, 4, '2022-08-25 03:09:04', '2022-08-25 03:09:07', '2022-08-25 03:09:07'),
(33, 70, 3, 3, '2022-08-25 03:10:35', '2022-08-25 03:10:39', '2022-08-25 03:10:39'),
(34, 70, 3, 4, '2022-08-25 03:10:35', '2022-08-25 03:10:39', '2022-08-25 03:10:39'),
(35, 71, 3, 3, '2022-08-25 03:10:53', '2022-08-25 03:10:57', '2022-08-25 03:10:57'),
(36, 71, 3, 4, '2022-08-25 03:10:54', '2022-08-25 03:10:57', '2022-08-25 03:10:57'),
(37, 72, 3, 3, '2022-08-25 03:17:49', '2022-08-25 03:17:54', '2022-08-25 03:17:54'),
(38, 72, 3, 4, '2022-08-25 03:17:49', '2022-08-25 03:17:54', '2022-08-25 03:17:54'),
(39, 73, 3, 3, '2022-08-25 03:18:53', '2022-08-25 03:18:57', '2022-08-25 03:18:57'),
(40, 73, 3, 4, '2022-08-25 03:18:53', '2022-08-25 03:18:57', '2022-08-25 03:18:57');

-- --------------------------------------------------------

--
-- Table structure for table `categories`
--

CREATE TABLE `categories` (
  `id` bigint(20) UNSIGNED NOT NULL,
  `user_id` int(11) NOT NULL DEFAULT 0,
  `parent_id` int(11) NOT NULL DEFAULT 0,
  `sort_order` int(11) NOT NULL DEFAULT 0,
  `status` enum('active','not_active') COLLATE utf8mb4_unicode_ci NOT NULL,
  `created_at` timestamp NOT NULL DEFAULT current_timestamp(),
  `updated_at` timestamp NULL DEFAULT NULL ON UPDATE current_timestamp(),
  `deleted_at` timestamp NULL DEFAULT NULL
) ENGINE=InnoDB DEFAULT CHARSET=utf8mb4 COLLATE=utf8mb4_unicode_ci;

--
-- Dumping data for table `categories`
--

INSERT INTO `categories` (`id`, `user_id`, `parent_id`, `sort_order`, `status`, `created_at`, `updated_at`, `deleted_at`) VALUES
(1, 12, 0, 2, 'active', '2022-08-08 08:40:16', '2022-08-21 04:42:38', '2022-08-21 04:42:38'),
(2, 13, 0, 2, 'active', '2022-08-18 07:58:14', '2022-08-21 04:42:38', '2022-08-21 04:42:38'),
(3, 3, 0, 2, 'active', '2022-08-21 04:42:27', '2022-08-21 04:42:27', NULL),
(4, 4, 0, 3, 'active', '2022-08-21 05:30:22', '2022-08-21 07:27:37', NULL),
(5, 3, 0, 4, 'active', '2022-08-21 07:28:53', '2022-08-21 07:28:53', NULL),
(6, 4, 0, 75, 'active', '2022-08-21 07:44:37', '2022-08-21 07:44:47', '2022-08-21 07:44:47'),
(7, 3, 0, 93, 'active', '2022-08-21 07:45:35', '2022-08-21 07:45:47', '2022-08-21 07:45:47'),
(8, 4, 0, 18, 'active', '2022-08-23 09:22:25', '2022-08-23 09:22:25', NULL),
(9, 5, 0, 58, 'active', '2022-08-29 03:35:33', '2022-08-29 03:35:41', '2022-08-29 03:35:41'),
(10, 4, 0, 39, 'active', '2022-08-29 06:23:13', '2022-08-29 06:23:20', '2022-08-29 06:23:20');

-- --------------------------------------------------------

--
-- Table structure for table `category_translations`
--

CREATE TABLE `category_translations` (
  `id` bigint(20) UNSIGNED NOT NULL,
  `category_id` int(10) UNSIGNED NOT NULL,
  `locale` varchar(191) COLLATE utf8mb4_unicode_ci NOT NULL,
  `name` varchar(191) COLLATE utf8mb4_unicode_ci DEFAULT NULL,
  `created_at` timestamp NOT NULL DEFAULT current_timestamp(),
  `updated_at` timestamp NULL DEFAULT NULL ON UPDATE current_timestamp(),
  `deleted_at` timestamp NULL DEFAULT NULL
) ENGINE=InnoDB DEFAULT CHARSET=utf8mb4 COLLATE=utf8mb4_unicode_ci;

--
-- Dumping data for table `category_translations`
--

INSERT INTO `category_translations` (`id`, `category_id`, `locale`, `name`, `created_at`, `updated_at`, `deleted_at`) VALUES
(1, 1, 'en', 'east food', '2022-08-08 08:40:16', '2022-08-08 08:40:16', NULL),
(2, 1, 'ar', 'أكل شرقي', '2022-08-08 08:40:16', '2022-08-08 08:40:16', NULL),
(3, 2, 'en', 'palmera', '2022-08-18 07:58:14', '2022-08-18 07:58:39', NULL),
(4, 2, 'ar', 'بالميرا', '2022-08-18 07:58:14', '2022-08-18 07:58:39', NULL),
(5, 3, 'en', 'east food', '2022-08-21 04:42:27', '2022-08-21 04:42:27', NULL),
(6, 3, 'ar', 'أكل شرقي', '2022-08-21 04:42:27', '2022-08-21 04:42:27', NULL),
(7, 4, 'en', 'west food', '2022-08-21 05:30:22', '2022-08-21 05:30:22', NULL),
(8, 4, 'ar', 'أكل غربي', '2022-08-21 05:30:22', '2022-08-21 05:30:22', NULL),
(9, 5, 'en', 'palistine', '2022-08-21 07:28:53', '2022-08-21 07:28:53', NULL),
(10, 5, 'ar', 'فلسطين', '2022-08-21 07:28:53', '2022-08-21 07:28:53', NULL),
(11, 6, 'en', 'Jordan Gonzales', '2022-08-21 07:44:37', '2022-08-21 07:44:37', NULL),
(12, 6, 'ar', 'Genevieve Morton', '2022-08-21 07:44:37', '2022-08-21 07:44:37', NULL),
(13, 7, 'en', 'Denise Tillman', '2022-08-21 07:45:35', '2022-08-21 07:45:35', NULL),
(14, 7, 'ar', 'Dante Riddle', '2022-08-21 07:45:35', '2022-08-21 07:45:35', NULL),
(15, 8, 'en', 'Keefe Jordan', '2022-08-23 09:22:25', '2022-08-23 09:22:25', NULL),
(16, 8, 'ar', 'Mariko Clark', '2022-08-23 09:22:25', '2022-08-23 09:22:25', NULL),
(17, 9, 'en', 'Peter Osborn', '2022-08-29 03:35:33', '2022-08-29 03:35:33', NULL),
(18, 9, 'ar', 'Urielle Levine', '2022-08-29 03:35:33', '2022-08-29 03:35:33', NULL),
(19, 10, 'en', 'Helen Leon', '2022-08-29 06:23:13', '2022-08-29 06:23:13', NULL),
(20, 10, 'ar', 'Teagan Roy', '2022-08-29 06:23:13', '2022-08-29 06:23:13', NULL);

-- --------------------------------------------------------

--
-- Table structure for table `contacts`
--

-- CREATE TABLE `contacts` (
--   `id` bigint(20) UNSIGNED NOT NULL,
--   `name` varchar(191) COLLATE utf8mb4_unicode_ci NOT NULL,
--   `email` varchar(191) COLLATE utf8mb4_unicode_ci NOT NULL,
--   `mobile` varchar(191) COLLATE utf8mb4_unicode_ci NOT NULL,
--   `message` text COLLATE utf8mb4_unicode_ci NOT NULL,
--   `is_read` enum('0','1') COLLATE utf8mb4_unicode_ci NOT NULL,
--   `created_at` timestamp NOT NULL DEFAULT current_timestamp(),
--   `updated_at` timestamp NULL DEFAULT NULL ON UPDATE current_timestamp(),
--   `deleted_at` timestamp NULL DEFAULT NULL
-- ) ENGINE=InnoDB DEFAULT CHARSET=utf8mb4 COLLATE=utf8mb4_unicode_ci;

-- --
-- Dumping data for table `contacts`
--

-- INSERT INTO `contacts` (`id`, `name`, `email`, `mobile`, `message`, `is_read`, `created_at`, `updated_at`, `deleted_at`) VALUES
-- (1, 'hello', 'a@a.com', '13456789', '111111111111111111', '1', '2022-08-07 05:14:28', '2022-08-17 05:34:28', NULL),
-- (2, 'hello', 'a@a.com', '13456789', '111111111111111111', '1', '2022-08-17 05:12:23', '2022-08-17 05:31:30', NULL),
-- (3, 'hello', 'a@a.com', '13456789', '111111111111111111', '0', '2022-08-17 05:12:40', '2022-08-17 08:55:35', NULL),
-- (4, 'hello', 'a@a.com', '13456789', '111111111111111111', '0', '2022-08-17 05:15:07', '2022-08-17 05:15:07', NULL),
-- (5, 'hello', 'a@a.com', '13456789', '33333333333333333333333', '0', '2022-08-17 06:20:37', '2022-08-23 09:46:52', NULL),
-- (6, 'hello', 'a@a.com', '13456789', '111111111111111111', '0', '2022-08-18 07:20:41', '2022-08-18 07:20:41', NULL);

-- -- --------------------------------------------------------

--
-- Table structure for table `cuisines`
--

CREATE TABLE `cuisines` (
  `id` bigint(20) UNSIGNED NOT NULL,
  `created_at` timestamp NOT NULL DEFAULT current_timestamp(),
  `updated_at` timestamp NULL DEFAULT NULL ON UPDATE current_timestamp(),
  `deleted_at` timestamp NULL DEFAULT NULL
) ENGINE=InnoDB DEFAULT CHARSET=utf8mb4 COLLATE=utf8mb4_unicode_ci;

--
-- Dumping data for table `cuisines`
--

INSERT INTO `cuisines` (`id`, `created_at`, `updated_at`, `deleted_at`) VALUES
(1, '2022-08-07 11:14:36', '2022-08-08 05:45:37', NULL),
(4, '2022-08-17 04:08:19', '2022-08-17 04:08:19', NULL),
(5, '2022-08-17 04:12:29', '2022-08-17 04:12:38', '2022-08-17 04:12:38'),
(6, '2022-08-23 09:37:35', '2022-08-23 09:37:50', '2022-08-23 09:37:50'),
(7, '2022-08-25 06:20:50', '2022-08-25 06:20:50', NULL),
(8, '2022-08-25 06:20:55', '2022-08-25 06:20:55', NULL),
(9, '2022-08-25 06:21:00', '2022-08-25 06:21:00', NULL);

-- --------------------------------------------------------

--
-- Table structure for table `cuisine_translations`
--

CREATE TABLE `cuisine_translations` (
  `id` bigint(20) UNSIGNED NOT NULL,
  `cuisine_id` int(11) NOT NULL,
  `locale` varchar(191) COLLATE utf8mb4_unicode_ci NOT NULL,
  `name` varchar(191) COLLATE utf8mb4_unicode_ci NOT NULL,
  `created_at` timestamp NOT NULL DEFAULT current_timestamp(),
  `updated_at` timestamp NULL DEFAULT NULL ON UPDATE current_timestamp(),
  `deleted_at` timestamp NULL DEFAULT NULL
) ENGINE=InnoDB DEFAULT CHARSET=utf8mb4 COLLATE=utf8mb4_unicode_ci;

--
-- Dumping data for table `cuisine_translations`
--

INSERT INTO `cuisine_translations` (`id`, `cuisine_id`, `locale`, `name`, `created_at`, `updated_at`, `deleted_at`) VALUES
(1, 1, 'en', 'chinees', '2022-08-07 11:15:04', '2022-08-08 06:14:20', NULL),
(2, 1, 'ar', 'الاكل الصيني', '2022-08-07 11:15:04', '2022-08-08 06:14:23', NULL),
(3, 4, 'en', 'Indian Food', '2022-08-17 04:08:19', '2022-08-17 04:08:19', NULL),
(4, 4, 'ar', 'الأكل الهندي', '2022-08-17 04:08:19', '2022-08-17 04:08:19', NULL),
(5, 5, 'en', 'q', '2022-08-17 04:12:29', '2022-08-17 04:12:29', NULL),
(6, 5, 'ar', 'q', '2022-08-17 04:12:29', '2022-08-17 04:12:29', NULL),
(7, 6, 'en', 'Dillon Hicks', '2022-08-23 09:37:35', '2022-08-23 09:37:35', NULL),
(8, 6, 'ar', 'Katelyn Maxwell', '2022-08-23 09:37:35', '2022-08-23 09:37:35', NULL),
(9, 7, 'en', 'Alisa Cortez', '2022-08-25 06:20:50', '2022-08-25 06:20:50', NULL),
(10, 7, 'ar', 'Oren Richmond', '2022-08-25 06:20:50', '2022-08-25 06:20:50', NULL),
(11, 8, 'en', 'Faith Mcdowell', '2022-08-25 06:20:55', '2022-08-25 06:20:55', NULL),
(12, 8, 'ar', 'Zahir Pearson', '2022-08-25 06:20:55', '2022-08-25 06:20:55', NULL),
(13, 9, 'en', 'Philip Edwards', '2022-08-25 06:21:00', '2022-08-25 06:21:00', NULL),
(14, 9, 'ar', 'Lucian Holden', '2022-08-25 06:21:00', '2022-08-25 06:21:00', NULL);

-- --------------------------------------------------------

--
-- Table structure for table `days`
--

CREATE TABLE `days` (
  `id` bigint(20) UNSIGNED NOT NULL,
  `created_at` timestamp NOT NULL DEFAULT current_timestamp(),
  `updated_at` timestamp NULL DEFAULT NULL ON UPDATE current_timestamp(),
  `deleted_at` timestamp NULL DEFAULT NULL
) ENGINE=InnoDB DEFAULT CHARSET=utf8mb4 COLLATE=utf8mb4_unicode_ci;

--
-- Dumping data for table `days`
--

INSERT INTO `days` (`id`, `created_at`, `updated_at`, `deleted_at`) VALUES
(1, '2022-08-10 08:47:35', NULL, NULL),
(2, '2022-08-10 08:47:35', NULL, NULL),
(3, '2022-08-10 08:47:35', NULL, NULL),
(4, '2022-08-10 08:47:35', NULL, NULL),
(5, '2022-08-10 08:47:35', NULL, NULL),
(6, '2022-08-10 08:47:35', NULL, NULL),
(7, '2022-08-10 08:47:35', NULL, NULL);

-- --------------------------------------------------------

--
-- Table structure for table `day_translations`
--

CREATE TABLE `day_translations` (
  `id` bigint(20) UNSIGNED NOT NULL,
  `day_id` int(11) NOT NULL,
  `locale` varchar(191) COLLATE utf8mb4_unicode_ci NOT NULL,
  `name` varchar(191) COLLATE utf8mb4_unicode_ci NOT NULL,
  `created_at` timestamp NOT NULL DEFAULT current_timestamp(),
  `updated_at` timestamp NULL DEFAULT NULL ON UPDATE current_timestamp(),
  `deleted_at` timestamp NULL DEFAULT NULL
) ENGINE=InnoDB DEFAULT CHARSET=utf8mb4 COLLATE=utf8mb4_unicode_ci;

--
-- Dumping data for table `day_translations`
--

INSERT INTO `day_translations` (`id`, `day_id`, `locale`, `name`, `created_at`, `updated_at`, `deleted_at`) VALUES
(1, 1, 'en', 'Sat', '2022-08-10 08:53:06', NULL, NULL),
(2, 1, 'ar', 'السبت', '2022-08-10 08:53:06', NULL, NULL),
(3, 2, 'en', 'Sun', '2022-08-10 08:53:06', NULL, NULL),
(4, 2, 'ar', 'الأحد', '2022-08-10 08:53:06', NULL, NULL),
(5, 3, 'en', 'Mon', '2022-08-10 08:53:06', NULL, NULL),
(6, 3, 'ar', 'Mon', '2022-08-10 08:53:06', NULL, NULL),
(7, 4, 'en', 'Tue', '2022-08-10 08:53:06', NULL, NULL),
(8, 4, 'ar', 'الثلاثاء', '2022-08-10 08:53:06', NULL, NULL),
(9, 5, 'en', 'Wed', '2022-08-10 08:53:06', NULL, NULL),
(10, 5, 'ar', 'الأربعاء', '2022-08-10 08:53:06', NULL, NULL),
(11, 6, 'en', 'Thr', '2022-08-10 08:53:06', NULL, NULL),
(12, 6, 'ar', 'الخميس', '2022-08-10 08:53:06', NULL, NULL),
(13, 7, 'en', 'Fri', '2022-08-10 08:53:06', NULL, NULL),
(14, 7, 'ar', 'الجمعة', '2022-08-10 08:53:06', NULL, NULL);

-- --------------------------------------------------------

--
-- Table structure for table `extras`
--

CREATE TABLE `extras` (
  `id` bigint(20) UNSIGNED NOT NULL,
  `meal_id` int(11) NOT NULL,
  `price` double DEFAULT 0,
  `created_at` timestamp NOT NULL DEFAULT current_timestamp(),
  `updated_at` timestamp NULL DEFAULT NULL ON UPDATE current_timestamp(),
  `deleted_at` timestamp NULL DEFAULT NULL
) ENGINE=InnoDB DEFAULT CHARSET=utf8mb4 COLLATE=utf8mb4_unicode_ci;

--
-- Dumping data for table `extras`
--

INSERT INTO `extras` (`id`, `meal_id`, `price`, `created_at`, `updated_at`, `deleted_at`) VALUES
(1, 0, 117, '2022-08-09 08:36:56', '2022-08-09 08:36:56', NULL),
(2, 0, 1, '2022-08-09 08:36:56', '2022-08-09 08:36:56', NULL),
(3, 0, 2, '2022-08-09 08:36:56', '2022-08-09 08:36:56', NULL),
(4, 5, 922, '2022-08-09 08:38:58', '2022-08-09 08:55:24', '2022-08-09 08:55:24'),
(5, 5, 864, '2022-08-09 08:38:58', '2022-08-09 08:55:24', '2022-08-09 08:55:24'),
(6, 5, 612, '2022-08-09 08:38:58', '2022-08-09 08:55:24', '2022-08-09 08:55:24'),
(7, 5, 922, '2022-08-09 08:55:24', '2022-08-09 08:55:34', '2022-08-09 08:55:34'),
(8, 5, 864, '2022-08-09 08:55:24', '2022-08-09 08:55:34', '2022-08-09 08:55:34'),
(9, 5, 612, '2022-08-09 08:55:24', '2022-08-09 08:55:34', '2022-08-09 08:55:34'),
(10, 5, 1, '2022-08-09 08:55:24', '2022-08-09 08:55:34', '2022-08-09 08:55:34'),
(11, 5, 922, '2022-08-09 08:55:34', '2022-08-09 08:55:42', '2022-08-09 08:55:42'),
(12, 5, 864, '2022-08-09 08:55:34', '2022-08-09 08:55:42', '2022-08-09 08:55:42'),
(13, 5, 612, '2022-08-09 08:55:34', '2022-08-09 08:55:42', '2022-08-09 08:55:42'),
(14, 5, 1, '2022-08-09 08:55:34', '2022-08-09 08:55:42', '2022-08-09 08:55:42'),
(15, 5, 2, '2022-08-09 08:55:34', '2022-08-09 08:55:42', '2022-08-09 08:55:42'),
(16, 5, 612, '2022-08-09 08:55:42', '2022-08-16 03:04:43', '2022-08-16 03:04:43'),
(17, 5, 1, '2022-08-09 08:55:42', '2022-08-16 03:04:43', '2022-08-16 03:04:43'),
(18, 5, 2, '2022-08-09 08:55:42', '2022-08-16 03:04:43', '2022-08-16 03:04:43'),
(19, 4, 1, '2022-08-09 08:59:25', '2022-08-09 08:59:37', '2022-08-09 08:59:37'),
(20, 4, 2, '2022-08-09 08:59:25', '2022-08-09 08:59:37', '2022-08-09 08:59:37'),
(21, 4, 1, '2022-08-09 08:59:37', '2022-08-09 08:59:43', '2022-08-09 08:59:43'),
(22, 4, 2, '2022-08-09 08:59:37', '2022-08-09 08:59:43', '2022-08-09 08:59:43'),
(23, 4, 3, '2022-08-09 08:59:37', '2022-08-09 08:59:43', '2022-08-09 08:59:43'),
(24, 4, 1, '2022-08-09 08:59:43', '2022-08-16 03:07:30', '2022-08-16 03:07:30'),
(25, 4, 3, '2022-08-09 08:59:43', '2022-08-16 03:07:30', '2022-08-16 03:07:30'),
(26, 1, 1, '2022-08-10 04:09:41', '2022-08-10 04:10:26', '2022-08-10 04:10:26'),
(27, 6, 1, '2022-08-10 04:12:11', '2022-08-10 04:12:39', '2022-08-10 04:12:39'),
(28, 6, 1, '2022-08-10 04:12:39', '2022-08-10 04:12:40', '2022-08-10 04:12:40'),
(29, 6, 1, '2022-08-10 04:12:40', '2022-08-10 04:12:45', '2022-08-10 04:12:45'),
(30, 7, 1, '2022-08-10 04:20:21', '2022-08-10 04:21:33', '2022-08-10 04:21:33'),
(31, 7, 1, '2022-08-10 04:21:33', '2022-08-16 03:04:24', '2022-08-16 03:04:24'),
(32, 1, 123, '2022-08-10 06:48:18', '2022-08-16 03:10:11', '2022-08-16 03:10:11'),
(33, 1, 12, '2022-08-10 06:48:18', '2022-08-16 03:10:11', '2022-08-16 03:10:11'),
(34, 7, 1, '2022-08-16 03:04:24', '2022-08-21 04:47:17', '2022-08-21 04:47:17'),
(35, 5, 612, '2022-08-16 03:04:43', '2022-08-16 03:07:20', '2022-08-16 03:07:20'),
(36, 5, 1, '2022-08-16 03:04:43', '2022-08-16 03:07:20', '2022-08-16 03:07:20'),
(37, 5, 2, '2022-08-16 03:04:43', '2022-08-16 03:07:20', '2022-08-16 03:07:20'),
(38, 5, 612, '2022-08-16 03:07:20', '2022-08-21 06:46:55', '2022-08-21 06:46:55'),
(39, 5, 1, '2022-08-16 03:07:20', '2022-08-21 06:46:55', '2022-08-21 06:46:55'),
(40, 5, 2, '2022-08-16 03:07:20', '2022-08-21 06:46:55', '2022-08-21 06:46:55'),
(41, 4, 1, '2022-08-16 03:07:30', '2022-08-16 03:07:36', '2022-08-16 03:07:36'),
(42, 4, 3, '2022-08-16 03:07:30', '2022-08-16 03:07:36', '2022-08-16 03:07:36'),
(43, 4, 1, '2022-08-16 03:07:36', '2022-08-21 06:47:11', '2022-08-21 06:47:11'),
(44, 4, 3, '2022-08-16 03:07:36', '2022-08-21 06:47:11', '2022-08-21 06:47:11'),
(45, 1, 123, '2022-08-16 03:10:11', '2022-08-21 06:47:41', '2022-08-21 06:47:41'),
(46, 1, 12, '2022-08-16 03:10:11', '2022-08-21 06:47:41', '2022-08-21 06:47:41'),
(47, 7, 1, '2022-08-21 04:47:17', '2022-08-21 04:47:17', NULL),
(48, 5, 612, '2022-08-21 06:46:55', '2022-08-29 06:25:19', '2022-08-29 06:25:19'),
(49, 5, 1, '2022-08-21 06:46:55', '2022-08-29 06:25:19', '2022-08-29 06:25:19'),
(50, 5, 2, '2022-08-21 06:46:55', '2022-08-29 06:25:19', '2022-08-29 06:25:19'),
(51, 4, 1, '2022-08-21 06:47:11', '2022-08-21 06:47:11', NULL),
(52, 4, 3, '2022-08-21 06:47:11', '2022-08-21 06:47:11', NULL),
(53, 1, 123, '2022-08-21 06:47:41', '2022-08-21 06:47:41', NULL),
(54, 1, 12, '2022-08-21 06:47:41', '2022-08-21 06:47:41', NULL),
(55, 8, 1, '2022-08-23 04:15:59', '2022-08-23 04:16:19', '2022-08-23 04:16:19'),
(56, 8, 2, '2022-08-23 04:15:59', '2022-08-23 04:16:19', '2022-08-23 04:16:19'),
(57, 8, 3, '2022-08-23 04:15:59', '2022-08-23 04:16:19', '2022-08-23 04:16:19'),
(58, 8, 1, '2022-08-23 04:16:19', '2022-08-23 04:16:19', NULL),
(59, 8, 2, '2022-08-23 04:16:19', '2022-08-23 04:16:19', NULL),
(60, 8, 3, '2022-08-23 04:16:19', '2022-08-23 04:16:19', NULL),
(61, 9, 0, '2022-08-23 04:39:51', '2022-08-23 04:39:51', NULL),
(62, 9, 0, '2022-08-23 04:39:51', '2022-08-23 04:39:51', NULL),
(63, 10, 0, '2022-08-23 04:40:27', '2022-08-23 09:03:35', '2022-08-23 09:03:35'),
(64, 10, 0, '2022-08-23 04:40:27', '2022-08-23 09:03:35', '2022-08-23 09:03:35'),
(65, 10, 0, '2022-08-23 09:03:35', '2022-08-23 09:05:25', '2022-08-23 09:05:25'),
(66, 10, 0, '2022-08-23 09:03:35', '2022-08-23 09:05:25', '2022-08-23 09:05:25'),
(67, 10, 0, '2022-08-23 09:05:25', '2022-08-23 09:05:49', '2022-08-23 09:05:49'),
(68, 10, 0, '2022-08-23 09:05:25', '2022-08-23 09:05:49', '2022-08-23 09:05:49'),
(69, 10, 0, '2022-08-23 09:05:49', '2022-08-23 09:06:42', '2022-08-23 09:06:42'),
(70, 10, 0, '2022-08-23 09:05:49', '2022-08-23 09:06:42', '2022-08-23 09:06:42'),
(71, 10, 0, '2022-08-23 09:06:42', '2022-08-23 09:07:18', '2022-08-23 09:07:18'),
(72, 10, 0, '2022-08-23 09:06:42', '2022-08-23 09:07:18', '2022-08-23 09:07:18'),
(73, 10, 0, '2022-08-23 09:07:18', '2022-08-23 09:07:21', '2022-08-23 09:07:21'),
(74, 10, 0, '2022-08-23 09:07:18', '2022-08-23 09:07:21', '2022-08-23 09:07:21'),
(75, 10, 0, '2022-08-23 09:07:21', '2022-08-29 06:59:42', '2022-08-29 06:59:42'),
(76, 10, 0, '2022-08-23 09:07:21', '2022-08-29 06:59:42', '2022-08-29 06:59:42'),
(77, 11, 1, '2022-08-25 04:08:51', '2022-08-25 06:36:20', '2022-08-25 06:36:20'),
(78, 11, 2, '2022-08-25 04:08:51', '2022-08-25 06:36:20', '2022-08-25 06:36:20'),
(79, 11, 3, '2022-08-25 04:08:51', '2022-08-25 06:36:20', '2022-08-25 06:36:20'),
(80, 11, 1, '2022-08-25 06:36:20', '2022-08-25 06:37:02', '2022-08-25 06:37:02'),
(81, 11, 2, '2022-08-25 06:36:20', '2022-08-25 06:37:02', '2022-08-25 06:37:02'),
(82, 11, 3, '2022-08-25 06:36:20', '2022-08-25 06:37:02', '2022-08-25 06:37:02'),
(83, 11, 1, '2022-08-25 06:37:02', '2022-08-29 03:52:57', '2022-08-29 03:52:57'),
(84, 11, 2, '2022-08-25 06:37:02', '2022-08-29 03:52:57', '2022-08-29 03:52:57'),
(85, 11, 3, '2022-08-25 06:37:02', '2022-08-29 03:52:57', '2022-08-29 03:52:57'),
(86, 11, 1, '2022-08-29 03:52:57', '2022-08-29 03:53:02', '2022-08-29 03:53:02'),
(87, 11, 2, '2022-08-29 03:52:57', '2022-08-29 03:53:02', '2022-08-29 03:53:02'),
(88, 11, 3, '2022-08-29 03:52:57', '2022-08-29 03:53:02', '2022-08-29 03:53:02'),
(89, 11, 4, '2022-08-29 03:52:57', '2022-08-29 03:53:02', '2022-08-29 03:53:02'),
(90, 11, 1, '2022-08-29 03:53:02', '2022-08-29 03:53:02', NULL),
(91, 11, 2, '2022-08-29 03:53:02', '2022-08-29 03:53:02', NULL),
(92, 11, 3, '2022-08-29 03:53:02', '2022-08-29 03:53:02', NULL),
(93, 5, 612, '2022-08-29 06:25:19', '2022-08-29 06:25:19', NULL),
(94, 5, 1, '2022-08-29 06:25:19', '2022-08-29 06:25:19', NULL),
(95, 5, 2, '2022-08-29 06:25:19', '2022-08-29 06:25:19', NULL),
(96, 10, 0, '2022-08-29 06:59:42', '2022-08-29 07:00:48', '2022-08-29 07:00:48'),
(97, 10, 0, '2022-08-29 06:59:42', '2022-08-29 07:00:48', '2022-08-29 07:00:48'),
(98, 10, 0, '2022-08-29 07:00:48', '2022-08-29 07:00:48', NULL),
(99, 10, 0, '2022-08-29 07:00:48', '2022-08-29 07:00:48', NULL),
(100, 10, NULL, '2022-08-29 07:00:48', '2022-08-29 07:00:48', NULL);

-- --------------------------------------------------------

--
-- Table structure for table `extra_translations`
--

CREATE TABLE `extra_translations` (
  `id` bigint(20) UNSIGNED NOT NULL,
  `extra_id` int(11) NOT NULL,
  `locale` varchar(191) COLLATE utf8mb4_unicode_ci NOT NULL,
  `name` varchar(191) COLLATE utf8mb4_unicode_ci NOT NULL,
  `created_at` timestamp NOT NULL DEFAULT current_timestamp(),
  `updated_at` timestamp NULL DEFAULT NULL ON UPDATE current_timestamp(),
  `deleted_at` timestamp NULL DEFAULT NULL
) ENGINE=InnoDB DEFAULT CHARSET=utf8mb4 COLLATE=utf8mb4_unicode_ci;

--
-- Dumping data for table `extra_translations`
--

INSERT INTO `extra_translations` (`id`, `extra_id`, `locale`, `name`, `created_at`, `updated_at`, `deleted_at`) VALUES
(1, 1, 'en', 'Carson Bush', '2022-08-09 08:36:56', '2022-08-09 08:36:56', NULL),
(2, 1, 'ar', 'Emmanuel Yang', '2022-08-09 08:36:56', '2022-08-09 08:36:56', NULL),
(3, 2, 'en', '1', '2022-08-09 08:36:56', '2022-08-09 08:36:56', NULL),
(4, 2, 'ar', '1', '2022-08-09 08:36:56', '2022-08-09 08:36:56', NULL),
(5, 3, 'en', '2', '2022-08-09 08:36:56', '2022-08-09 08:36:56', NULL),
(6, 3, 'ar', '2', '2022-08-09 08:36:56', '2022-08-09 08:36:56', NULL),
(7, 4, 'en', 'Yetta Mcintosh', '2022-08-09 08:38:58', '2022-08-09 08:38:58', NULL),
(8, 4, 'ar', 'Luke Cobb', '2022-08-09 08:38:58', '2022-08-09 08:38:58', NULL),
(9, 5, 'en', 'Montana Lowe', '2022-08-09 08:38:58', '2022-08-09 08:38:58', NULL),
(10, 5, 'ar', 'Buffy Huffman', '2022-08-09 08:38:58', '2022-08-09 08:38:58', NULL),
(11, 6, 'en', 'Cairo Stewart', '2022-08-09 08:38:58', '2022-08-09 08:38:58', NULL),
(12, 6, 'ar', 'Jillian Robles', '2022-08-09 08:38:58', '2022-08-09 08:38:58', NULL),
(13, 7, 'en', 'Yetta Mcintosh', '2022-08-09 08:55:24', '2022-08-09 08:55:24', NULL),
(14, 7, 'ar', 'Luke Cobb', '2022-08-09 08:55:24', '2022-08-09 08:55:24', NULL),
(15, 8, 'en', 'Montana Lowe', '2022-08-09 08:55:24', '2022-08-09 08:55:24', NULL),
(16, 8, 'ar', 'Buffy Huffman', '2022-08-09 08:55:24', '2022-08-09 08:55:24', NULL),
(17, 9, 'en', 'Cairo Stewart', '2022-08-09 08:55:24', '2022-08-09 08:55:24', NULL),
(18, 9, 'ar', 'Jillian Robles', '2022-08-09 08:55:24', '2022-08-09 08:55:24', NULL),
(19, 10, 'en', '1', '2022-08-09 08:55:24', '2022-08-09 08:55:24', NULL),
(20, 10, 'ar', '1', '2022-08-09 08:55:24', '2022-08-09 08:55:24', NULL),
(21, 11, 'en', 'Yetta Mcintosh', '2022-08-09 08:55:34', '2022-08-09 08:55:34', NULL),
(22, 11, 'ar', 'Luke Cobb', '2022-08-09 08:55:34', '2022-08-09 08:55:34', NULL),
(23, 12, 'en', 'Montana Lowe', '2022-08-09 08:55:34', '2022-08-09 08:55:34', NULL),
(24, 12, 'ar', 'Buffy Huffman', '2022-08-09 08:55:34', '2022-08-09 08:55:34', NULL),
(25, 13, 'en', 'Cairo Stewart', '2022-08-09 08:55:34', '2022-08-09 08:55:34', NULL),
(26, 13, 'ar', 'Jillian Robles', '2022-08-09 08:55:34', '2022-08-09 08:55:34', NULL),
(27, 14, 'en', '1', '2022-08-09 08:55:34', '2022-08-09 08:55:34', NULL),
(28, 14, 'ar', '1', '2022-08-09 08:55:34', '2022-08-09 08:55:34', NULL),
(29, 15, 'en', '2', '2022-08-09 08:55:34', '2022-08-09 08:55:34', NULL),
(30, 15, 'ar', '2', '2022-08-09 08:55:34', '2022-08-09 08:55:34', NULL),
(31, 16, 'en', 'Cairo Stewart', '2022-08-09 08:55:42', '2022-08-09 08:55:42', NULL),
(32, 16, 'ar', 'Jillian Robles', '2022-08-09 08:55:42', '2022-08-09 08:55:42', NULL),
(33, 17, 'en', '1', '2022-08-09 08:55:42', '2022-08-09 08:55:42', NULL),
(34, 17, 'ar', '1', '2022-08-09 08:55:42', '2022-08-09 08:55:42', NULL),
(35, 18, 'en', '2', '2022-08-09 08:55:42', '2022-08-09 08:55:42', NULL),
(36, 18, 'ar', '2', '2022-08-09 08:55:42', '2022-08-09 08:55:42', NULL),
(37, 19, 'en', '1', '2022-08-09 08:59:25', '2022-08-09 08:59:25', NULL),
(38, 19, 'ar', '1', '2022-08-09 08:59:25', '2022-08-09 08:59:25', NULL),
(39, 20, 'en', '2', '2022-08-09 08:59:25', '2022-08-09 08:59:25', NULL),
(40, 20, 'ar', '2', '2022-08-09 08:59:25', '2022-08-09 08:59:25', NULL),
(41, 21, 'en', '1', '2022-08-09 08:59:37', '2022-08-09 08:59:37', NULL),
(42, 21, 'ar', '1', '2022-08-09 08:59:37', '2022-08-09 08:59:37', NULL),
(43, 22, 'en', '2', '2022-08-09 08:59:37', '2022-08-09 08:59:37', NULL),
(44, 22, 'ar', '2', '2022-08-09 08:59:37', '2022-08-09 08:59:37', NULL),
(45, 23, 'en', '3', '2022-08-09 08:59:37', '2022-08-09 08:59:37', NULL),
(46, 23, 'ar', '3', '2022-08-09 08:59:37', '2022-08-09 08:59:37', NULL),
(47, 24, 'en', '1', '2022-08-09 08:59:43', '2022-08-09 08:59:43', NULL),
(48, 24, 'ar', '1', '2022-08-09 08:59:43', '2022-08-09 08:59:43', NULL),
(49, 25, 'en', '3', '2022-08-09 08:59:43', '2022-08-09 08:59:43', NULL),
(50, 25, 'ar', '3', '2022-08-09 08:59:43', '2022-08-09 08:59:43', NULL),
(51, 26, 'en', '1', '2022-08-10 04:09:41', '2022-08-10 04:09:41', NULL),
(52, 26, 'ar', '1', '2022-08-10 04:09:41', '2022-08-10 04:09:41', NULL),
(53, 27, 'en', '1', '2022-08-10 04:12:11', '2022-08-10 04:12:11', NULL),
(54, 27, 'ar', '1', '2022-08-10 04:12:11', '2022-08-10 04:12:11', NULL),
(55, 28, 'en', '1', '2022-08-10 04:12:39', '2022-08-10 04:12:39', NULL),
(56, 28, 'ar', '1', '2022-08-10 04:12:39', '2022-08-10 04:12:39', NULL),
(57, 29, 'en', '1', '2022-08-10 04:12:40', '2022-08-10 04:12:40', NULL),
(58, 29, 'ar', '1', '2022-08-10 04:12:40', '2022-08-10 04:12:40', NULL),
(59, 30, 'en', '1', '2022-08-10 04:20:21', '2022-08-10 04:20:21', NULL),
(60, 30, 'ar', '1', '2022-08-10 04:20:21', '2022-08-10 04:20:21', NULL),
(61, 31, 'en', '1', '2022-08-10 04:21:33', '2022-08-10 04:21:33', NULL),
(62, 31, 'ar', '1', '2022-08-10 04:21:33', '2022-08-10 04:21:33', NULL),
(63, 32, 'en', 'garlic', '2022-08-10 06:48:18', '2022-08-10 06:48:18', NULL),
(64, 32, 'ar', 'garlic  ar', '2022-08-10 06:48:18', '2022-08-10 06:48:18', NULL),
(65, 33, 'en', 'garlic 2', '2022-08-10 06:48:18', '2022-08-10 06:48:18', NULL),
(66, 33, 'ar', 'garlic 2 ae', '2022-08-10 06:48:18', '2022-08-10 06:48:18', NULL),
(67, 34, 'en', '1', '2022-08-16 03:04:24', '2022-08-16 03:04:24', NULL),
(68, 34, 'ar', '1', '2022-08-16 03:04:24', '2022-08-16 03:04:24', NULL),
(69, 35, 'en', 'Cairo Stewart', '2022-08-16 03:04:43', '2022-08-16 03:04:43', NULL),
(70, 35, 'ar', 'Jillian Robles', '2022-08-16 03:04:43', '2022-08-16 03:04:43', NULL),
(71, 36, 'en', '1', '2022-08-16 03:04:43', '2022-08-16 03:04:43', NULL),
(72, 36, 'ar', '1', '2022-08-16 03:04:43', '2022-08-16 03:04:43', NULL),
(73, 37, 'en', '2', '2022-08-16 03:04:43', '2022-08-16 03:04:43', NULL),
(74, 37, 'ar', '2', '2022-08-16 03:04:43', '2022-08-16 03:04:43', NULL),
(75, 38, 'en', 'Cairo Stewart', '2022-08-16 03:07:20', '2022-08-16 03:07:20', NULL),
(76, 38, 'ar', 'Jillian Robles', '2022-08-16 03:07:20', '2022-08-16 03:07:20', NULL),
(77, 39, 'en', '1', '2022-08-16 03:07:20', '2022-08-16 03:07:20', NULL),
(78, 39, 'ar', '1', '2022-08-16 03:07:20', '2022-08-16 03:07:20', NULL),
(79, 40, 'en', '2', '2022-08-16 03:07:20', '2022-08-16 03:07:20', NULL),
(80, 40, 'ar', '2', '2022-08-16 03:07:20', '2022-08-16 03:07:20', NULL),
(81, 41, 'en', '1', '2022-08-16 03:07:30', '2022-08-16 03:07:30', NULL),
(82, 41, 'ar', '1', '2022-08-16 03:07:30', '2022-08-16 03:07:30', NULL),
(83, 42, 'en', '3', '2022-08-16 03:07:30', '2022-08-16 03:07:30', NULL),
(84, 42, 'ar', '3', '2022-08-16 03:07:30', '2022-08-16 03:07:30', NULL),
(85, 43, 'en', '1', '2022-08-16 03:07:36', '2022-08-16 03:07:36', NULL),
(86, 43, 'ar', '1', '2022-08-16 03:07:36', '2022-08-16 03:07:36', NULL),
(87, 44, 'en', '3', '2022-08-16 03:07:36', '2022-08-16 03:07:36', NULL),
(88, 44, 'ar', '3', '2022-08-16 03:07:36', '2022-08-16 03:07:36', NULL),
(89, 45, 'en', 'garlic', '2022-08-16 03:10:11', '2022-08-16 03:10:11', NULL),
(90, 45, 'ar', 'garlic  ar', '2022-08-16 03:10:11', '2022-08-16 03:10:11', NULL),
(91, 46, 'en', 'garlic 2', '2022-08-16 03:10:11', '2022-08-16 03:10:11', NULL),
(92, 46, 'ar', 'garlic 2 ae', '2022-08-16 03:10:11', '2022-08-16 03:10:11', NULL),
(93, 47, 'en', '1', '2022-08-21 04:47:17', '2022-08-21 04:47:17', NULL),
(94, 47, 'ar', '1', '2022-08-21 04:47:17', '2022-08-21 04:47:17', NULL),
(95, 48, 'en', 'Cairo Stewart', '2022-08-21 06:46:55', '2022-08-21 06:46:55', NULL),
(96, 48, 'ar', 'Jillian Robles', '2022-08-21 06:46:55', '2022-08-21 06:46:55', NULL),
(97, 49, 'en', '1', '2022-08-21 06:46:55', '2022-08-21 06:46:55', NULL),
(98, 49, 'ar', '1', '2022-08-21 06:46:55', '2022-08-21 06:46:55', NULL),
(99, 50, 'en', '2', '2022-08-21 06:46:55', '2022-08-21 06:46:55', NULL),
(100, 50, 'ar', '2', '2022-08-21 06:46:55', '2022-08-21 06:46:55', NULL),
(101, 51, 'en', '1', '2022-08-21 06:47:11', '2022-08-21 06:47:11', NULL),
(102, 51, 'ar', '1', '2022-08-21 06:47:11', '2022-08-21 06:47:11', NULL),
(103, 52, 'en', '3', '2022-08-21 06:47:11', '2022-08-21 06:47:11', NULL),
(104, 52, 'ar', '3', '2022-08-21 06:47:11', '2022-08-21 06:47:11', NULL),
(105, 53, 'en', 'garlic', '2022-08-21 06:47:41', '2022-08-21 06:47:41', NULL),
(106, 53, 'ar', 'garlic  ar', '2022-08-21 06:47:41', '2022-08-21 06:47:41', NULL),
(107, 54, 'en', 'garlic 2', '2022-08-21 06:47:41', '2022-08-21 06:47:41', NULL),
(108, 54, 'ar', 'garlic 2 ae', '2022-08-21 06:47:41', '2022-08-21 06:47:41', NULL),
(109, 55, 'en', 'hello', '2022-08-23 04:15:59', '2022-08-23 04:15:59', NULL),
(110, 55, 'ar', 'مرحبا', '2022-08-23 04:15:59', '2022-08-23 04:15:59', NULL),
(111, 56, 'en', 'hello 2', '2022-08-23 04:15:59', '2022-08-23 04:15:59', NULL),
(112, 56, 'ar', 'مرحبا 2', '2022-08-23 04:15:59', '2022-08-23 04:15:59', NULL),
(113, 57, 'en', 'hello 3', '2022-08-23 04:15:59', '2022-08-23 04:15:59', NULL),
(114, 57, 'ar', 'مرحبا', '2022-08-23 04:15:59', '2022-08-23 04:15:59', NULL),
(115, 58, 'en', 'hello', '2022-08-23 04:16:19', '2022-08-23 04:16:19', NULL),
(116, 58, 'ar', 'مرحبا', '2022-08-23 04:16:19', '2022-08-23 04:16:19', NULL),
(117, 59, 'en', 'hello 2', '2022-08-23 04:16:19', '2022-08-23 04:16:19', NULL),
(118, 59, 'ar', 'مرحبا 2', '2022-08-23 04:16:19', '2022-08-23 04:16:19', NULL),
(119, 60, 'en', 'hello 3', '2022-08-23 04:16:19', '2022-08-23 04:16:19', NULL),
(120, 60, 'ar', 'مرحبا', '2022-08-23 04:16:19', '2022-08-23 04:16:19', NULL),
(121, 61, 'en', 's', '2022-08-23 04:39:51', '2022-08-23 04:39:51', NULL),
(122, 61, 'ar', 's', '2022-08-23 04:39:51', '2022-08-23 04:39:51', NULL),
(123, 62, 'en', 'd', '2022-08-23 04:39:51', '2022-08-23 04:39:51', NULL),
(124, 62, 'ar', 'd', '2022-08-23 04:39:51', '2022-08-23 04:39:51', NULL),
(125, 63, 'en', 's', '2022-08-23 04:40:27', '2022-08-23 04:40:27', NULL),
(126, 63, 'ar', 'q', '2022-08-23 04:40:27', '2022-08-23 04:40:27', NULL),
(127, 64, 'en', 'q', '2022-08-23 04:40:27', '2022-08-23 04:40:27', NULL),
(128, 64, 'ar', 'q', '2022-08-23 04:40:27', '2022-08-23 04:40:27', NULL),
(129, 65, 'en', 's', '2022-08-23 09:03:35', '2022-08-23 09:03:35', NULL),
(130, 65, 'ar', 'q', '2022-08-23 09:03:35', '2022-08-23 09:03:35', NULL),
(131, 66, 'en', 'q', '2022-08-23 09:03:35', '2022-08-23 09:03:35', NULL),
(132, 66, 'ar', 'q', '2022-08-23 09:03:35', '2022-08-23 09:03:35', NULL),
(133, 67, 'en', 's', '2022-08-23 09:05:25', '2022-08-23 09:05:25', NULL),
(134, 67, 'ar', 'q', '2022-08-23 09:05:25', '2022-08-23 09:05:25', NULL),
(135, 68, 'en', 'q', '2022-08-23 09:05:25', '2022-08-23 09:05:25', NULL),
(136, 68, 'ar', 'q', '2022-08-23 09:05:25', '2022-08-23 09:05:25', NULL),
(137, 69, 'en', 's', '2022-08-23 09:05:49', '2022-08-23 09:05:49', NULL),
(138, 69, 'ar', 'q', '2022-08-23 09:05:49', '2022-08-23 09:05:49', NULL),
(139, 70, 'en', 'q', '2022-08-23 09:05:49', '2022-08-23 09:05:49', NULL),
(140, 70, 'ar', 'q', '2022-08-23 09:05:49', '2022-08-23 09:05:49', NULL),
(141, 71, 'en', 's', '2022-08-23 09:06:42', '2022-08-23 09:06:42', NULL),
(142, 71, 'ar', 'q', '2022-08-23 09:06:42', '2022-08-23 09:06:42', NULL),
(143, 72, 'en', 'q', '2022-08-23 09:06:42', '2022-08-23 09:06:42', NULL),
(144, 72, 'ar', 'q', '2022-08-23 09:06:42', '2022-08-23 09:06:42', NULL),
(145, 73, 'en', 's', '2022-08-23 09:07:18', '2022-08-23 09:07:18', NULL),
(146, 73, 'ar', 'q', '2022-08-23 09:07:18', '2022-08-23 09:07:18', NULL),
(147, 74, 'en', 'q', '2022-08-23 09:07:18', '2022-08-23 09:07:18', NULL),
(148, 74, 'ar', 'q', '2022-08-23 09:07:18', '2022-08-23 09:07:18', NULL),
(149, 75, 'en', 's', '2022-08-23 09:07:21', '2022-08-23 09:07:21', NULL),
(150, 75, 'ar', 'q', '2022-08-23 09:07:21', '2022-08-23 09:07:21', NULL),
(151, 76, 'en', 'q', '2022-08-23 09:07:21', '2022-08-23 09:07:21', NULL),
(152, 76, 'ar', 'q', '2022-08-23 09:07:21', '2022-08-23 09:07:21', NULL),
(153, 77, 'en', '1', '2022-08-25 04:08:51', '2022-08-25 04:08:51', NULL),
(154, 77, 'ar', '1', '2022-08-25 04:08:51', '2022-08-25 04:08:51', NULL),
(155, 78, 'en', '2', '2022-08-25 04:08:51', '2022-08-25 04:08:51', NULL),
(156, 78, 'ar', '2', '2022-08-25 04:08:51', '2022-08-25 04:08:51', NULL),
(157, 79, 'en', '3', '2022-08-25 04:08:51', '2022-08-25 04:08:51', NULL),
(158, 79, 'ar', '3', '2022-08-25 04:08:51', '2022-08-25 04:08:51', NULL),
(159, 80, 'en', '1', '2022-08-25 06:36:20', '2022-08-25 06:36:20', NULL),
(160, 80, 'ar', '1', '2022-08-25 06:36:20', '2022-08-25 06:36:20', NULL),
(161, 81, 'en', '2', '2022-08-25 06:36:20', '2022-08-25 06:36:20', NULL),
(162, 81, 'ar', '2', '2022-08-25 06:36:20', '2022-08-25 06:36:20', NULL),
(163, 82, 'en', '3', '2022-08-25 06:36:20', '2022-08-25 06:36:20', NULL),
(164, 82, 'ar', '3', '2022-08-25 06:36:20', '2022-08-25 06:36:20', NULL),
(165, 83, 'en', '1', '2022-08-25 06:37:02', '2022-08-25 06:37:02', NULL),
(166, 83, 'ar', '1', '2022-08-25 06:37:02', '2022-08-25 06:37:02', NULL),
(167, 84, 'en', '2', '2022-08-25 06:37:02', '2022-08-25 06:37:02', NULL),
(168, 84, 'ar', '2', '2022-08-25 06:37:02', '2022-08-25 06:37:02', NULL),
(169, 85, 'en', '3', '2022-08-25 06:37:02', '2022-08-25 06:37:02', NULL),
(170, 85, 'ar', '3', '2022-08-25 06:37:02', '2022-08-25 06:37:02', NULL),
(171, 86, 'en', '1', '2022-08-29 03:52:57', '2022-08-29 03:52:57', NULL),
(172, 86, 'ar', '1', '2022-08-29 03:52:57', '2022-08-29 03:52:57', NULL),
(173, 87, 'en', '2', '2022-08-29 03:52:57', '2022-08-29 03:52:57', NULL),
(174, 87, 'ar', '2', '2022-08-29 03:52:57', '2022-08-29 03:52:57', NULL),
(175, 88, 'en', '3', '2022-08-29 03:52:57', '2022-08-29 03:52:57', NULL),
(176, 88, 'ar', '3', '2022-08-29 03:52:57', '2022-08-29 03:52:57', NULL),
(177, 89, 'en', '4', '2022-08-29 03:52:57', '2022-08-29 03:52:57', NULL),
(178, 89, 'ar', '4', '2022-08-29 03:52:57', '2022-08-29 03:52:57', NULL),
(179, 90, 'en', '1', '2022-08-29 03:53:02', '2022-08-29 03:53:02', NULL),
(180, 90, 'ar', '1', '2022-08-29 03:53:02', '2022-08-29 03:53:02', NULL),
(181, 91, 'en', '2', '2022-08-29 03:53:02', '2022-08-29 03:53:02', NULL),
(182, 91, 'ar', '2', '2022-08-29 03:53:02', '2022-08-29 03:53:02', NULL),
(183, 92, 'en', '3', '2022-08-29 03:53:02', '2022-08-29 03:53:02', NULL),
(184, 92, 'ar', '3', '2022-08-29 03:53:02', '2022-08-29 03:53:02', NULL),
(185, 93, 'en', 'Cairo Stewart', '2022-08-29 06:25:19', '2022-08-29 06:25:19', NULL),
(186, 93, 'ar', 'Jillian Robles', '2022-08-29 06:25:19', '2022-08-29 06:25:19', NULL),
(187, 94, 'en', '1', '2022-08-29 06:25:19', '2022-08-29 06:25:19', NULL),
(188, 94, 'ar', '1', '2022-08-29 06:25:19', '2022-08-29 06:25:19', NULL),
(189, 95, 'en', '2', '2022-08-29 06:25:19', '2022-08-29 06:25:19', NULL),
(190, 95, 'ar', '2', '2022-08-29 06:25:19', '2022-08-29 06:25:19', NULL),
(191, 96, 'en', 's', '2022-08-29 06:59:42', '2022-08-29 06:59:42', NULL),
(192, 96, 'ar', 'q', '2022-08-29 06:59:42', '2022-08-29 06:59:42', NULL),
(193, 97, 'en', 'q', '2022-08-29 06:59:42', '2022-08-29 06:59:42', NULL),
(194, 97, 'ar', 'q', '2022-08-29 06:59:42', '2022-08-29 06:59:42', NULL),
(195, 98, 'en', 's', '2022-08-29 07:00:48', '2022-08-29 07:00:48', NULL),
(196, 98, 'ar', 'q', '2022-08-29 07:00:48', '2022-08-29 07:00:48', NULL),
(197, 99, 'en', 'q', '2022-08-29 07:00:48', '2022-08-29 07:00:48', NULL),
(198, 99, 'ar', 'q', '2022-08-29 07:00:48', '2022-08-29 07:00:48', NULL),
(199, 100, 'en', '1', '2022-08-29 07:00:48', '2022-08-29 07:00:48', NULL),
(200, 100, 'ar', '1', '2022-08-29 07:00:48', '2022-08-29 07:00:48', NULL);

-- --------------------------------------------------------

--
-- Table structure for table `failed_jobs`
--

CREATE TABLE `failed_jobs` (
  `id` bigint(20) UNSIGNED NOT NULL,
  `uuid` varchar(191) COLLATE utf8mb4_unicode_ci NOT NULL,
  `connection` text COLLATE utf8mb4_unicode_ci NOT NULL,
  `queue` text COLLATE utf8mb4_unicode_ci NOT NULL,
  `payload` longtext COLLATE utf8mb4_unicode_ci NOT NULL,
  `exception` longtext COLLATE utf8mb4_unicode_ci NOT NULL,
  `failed_at` timestamp NOT NULL DEFAULT current_timestamp()
) ENGINE=InnoDB DEFAULT CHARSET=utf8mb4 COLLATE=utf8mb4_unicode_ci;

-- --------------------------------------------------------

--
-- Table structure for table `join_requests`
--

CREATE TABLE `join_requests` (
  `id` bigint(20) UNSIGNED NOT NULL,
  `email` varchar(191) COLLATE utf8mb4_unicode_ci NOT NULL,
  `mobile` varchar(191) COLLATE utf8mb4_unicode_ci NOT NULL,
  `name` varchar(191) COLLATE utf8mb4_unicode_ci NOT NULL,
  `description` text COLLATE utf8mb4_unicode_ci NOT NULL,
  `is_read` enum('0','1') COLLATE utf8mb4_unicode_ci NOT NULL,
  `created_at` timestamp NOT NULL DEFAULT current_timestamp(),
  `updated_at` timestamp NULL DEFAULT NULL ON UPDATE current_timestamp(),
  `deleted_at` timestamp NULL DEFAULT NULL
) ENGINE=InnoDB DEFAULT CHARSET=utf8mb4 COLLATE=utf8mb4_unicode_ci;

--
-- Dumping data for table `join_requests`
--

INSERT INTO `join_requests` (`id`, `email`, `mobile`, `name`, `description`, `is_read`, `created_at`, `updated_at`, `deleted_at`) VALUES
(1, 'a@a.com', '13456789', 'hello', '22222222222222', '1', '2022-08-17 06:21:37', '2022-08-17 06:30:36', NULL),
(2, 'a@a.com', '13456789', 'hello', '22222222222222', '0', '2022-08-17 06:33:19', '2022-08-17 06:33:19', NULL),
(3, 'a@a.com', '13456789', 'hello', '22222222222222', '0', '2022-08-18 09:40:45', '2022-08-18 09:40:45', NULL);

-- --------------------------------------------------------

--
-- Table structure for table `languages`
--

CREATE TABLE `languages` (
  `id` bigint(20) UNSIGNED NOT NULL,
  `lang` varchar(191) COLLATE utf8mb4_unicode_ci NOT NULL,
  `flag` varchar(191) COLLATE utf8mb4_unicode_ci NOT NULL,
  `created_at` timestamp NULL DEFAULT NULL,
  `updated_at` timestamp NULL DEFAULT NULL,
  `deleted_at` timestamp NULL DEFAULT NULL
) ENGINE=InnoDB DEFAULT CHARSET=utf8mb4 COLLATE=utf8mb4_unicode_ci;

--
-- Dumping data for table `languages`
--

INSERT INTO `languages` (`id`, `lang`, `flag`, `created_at`, `updated_at`, `deleted_at`) VALUES
(1, 'en', '', NULL, NULL, NULL),
(2, 'ar', '', NULL, NULL, NULL);

-- --------------------------------------------------------

--
-- Table structure for table `language_translation`
--

CREATE TABLE `language_translation` (
  `id` bigint(20) UNSIGNED NOT NULL,
  `language_id` int(11) NOT NULL,
  `locale` varchar(191) COLLATE utf8mb4_unicode_ci NOT NULL,
  `name` varchar(191) COLLATE utf8mb4_unicode_ci NOT NULL,
  `created_at` timestamp NULL DEFAULT NULL,
  `updated_at` timestamp NULL DEFAULT NULL,
  `deleted_at` timestamp NULL DEFAULT NULL
) ENGINE=InnoDB DEFAULT CHARSET=utf8mb4 COLLATE=utf8mb4_unicode_ci;

--
-- Dumping data for table `language_translation`
--

INSERT INTO `language_translation` (`id`, `language_id`, `locale`, `name`, `created_at`, `updated_at`, `deleted_at`) VALUES
(1, 1, 'en', 'English', NULL, NULL, NULL),
(2, 1, 'ar', 'إنجليزي', NULL, NULL, NULL),
(3, 2, 'en', 'Arabic', NULL, NULL, NULL),
(4, 2, 'ar', 'عربي', NULL, NULL, NULL);

-- --------------------------------------------------------

--
-- Table structure for table `meals`
--

CREATE TABLE `meals` (
  `id` bigint(20) UNSIGNED NOT NULL,
  `user_id` int(11) NOT NULL DEFAULT 0,
  `category_id` int(11) DEFAULT 0,
  `image` varchar(191) COLLATE utf8mb4_unicode_ci DEFAULT NULL,
  `price` double DEFAULT 0,
  `price_offer` double DEFAULT 0,
  `sort_order` int(11) NOT NULL DEFAULT 0,
  `status` enum('active','not_active') COLLATE utf8mb4_unicode_ci NOT NULL,
  `best_selling` enum('1','0') COLLATE utf8mb4_unicode_ci NOT NULL DEFAULT '0' COMMENT '1->yes , 0->no',
  `count_selling` int(11) NOT NULL DEFAULT 0,
  `total_selling_amount` double DEFAULT 0,
  `created_at` timestamp NOT NULL DEFAULT current_timestamp(),
  `updated_at` timestamp NULL DEFAULT NULL ON UPDATE current_timestamp(),
  `deleted_at` timestamp NULL DEFAULT NULL
) ENGINE=InnoDB DEFAULT CHARSET=utf8mb4 COLLATE=utf8mb4_unicode_ci;

--
-- Dumping data for table `meals`
--

INSERT INTO `meals` (`id`, `user_id`, `category_id`, `image`, `price`, `price_offer`, `sort_order`, `status`, `best_selling`, `count_selling`, `total_selling_amount`, `created_at`, `updated_at`, `deleted_at`) VALUES
(1, 3, 3, 'tfvL3kRuGXW4VdV19501921660114883_9597654.png', 1, 1, 1, 'active', '0', 6, 2, '2022-08-09 04:07:48', '2022-08-21 08:18:25', NULL),
(2, 1, 0, 'EgneZDKroXzHPAM28001931660030782_9313546.png', 10, 9, 2, 'active', '0', 0, 0, '2022-08-09 04:33:18', '2022-08-09 04:41:48', '2022-08-09 04:41:48'),
(3, 3, 3, '5oZSlbq9c0YmcAz90841391660030967_1569638.png', 10, 0, 2, 'active', '1', 2, 20, '2022-08-09 04:42:47', '2022-08-24 11:37:48', NULL),
(4, 3, 3, '7i9JRpnGByVPTVQ82656811660045016_4482096.png', 61, 0, 13, 'active', '1', 1, 913, '2022-08-09 08:36:56', '2022-08-21 08:56:44', NULL),
(5, 4, 4, '1CtsGjZ0AKxvYGQ84852751660045138_7456287.png', 803, 0, 91, 'active', '0', 0, 0, '2022-08-09 08:38:58', '2022-08-29 06:48:09', NULL),
(6, 3, 3, '1GRuMlbiP2ArOEK65745261660115531_5124599.png', 1000, 0, 1, 'active', '1', 0, 0, '2022-08-10 04:12:11', '2022-08-23 03:56:18', NULL),
(7, 3, 0, 'gSunc2t3cp7nnlf65892831660116021_5418052.png', 1, 0, 1, 'active', '1', 0, 0, '2022-08-10 04:20:21', '2022-08-21 08:51:40', NULL),
(8, 3, 3, 'DeqFQCwEEcKvaVT55167091661238959_4005857.png', 137, 781, 12, 'active', '1', 0, 0, '2022-08-23 04:15:59', '2022-08-23 04:16:19', NULL),
(9, 3, NULL, 'jnoC4UzLwCGBM4542166371661240391_9526008.png', 29, 252, 12, 'active', '1', 0, 0, '2022-08-23 04:39:51', '2022-08-23 04:40:00', '2022-08-23 04:40:00'),
(10, 5, 0, 'LGRoBd3uO3zHEPh45842481661240426_6309946.png', 351, 642, 95, 'not_active', '1', 0, 0, '2022-08-23 04:40:27', '2022-08-23 09:03:35', NULL),
(11, 3, 5, 'Maokbr93OMKe0j996116011661411331_7662368.png', 183, 0, 11, 'active', '0', 0, 0, '2022-08-25 04:08:51', '2022-08-29 06:30:09', '2022-08-29 06:30:09');

-- --------------------------------------------------------

--
-- Table structure for table `meal_images`
--

CREATE TABLE `meal_images` (
  `id` bigint(20) UNSIGNED NOT NULL,
  `meal_id` int(11) NOT NULL,
  `image` varchar(191) COLLATE utf8mb4_unicode_ci NOT NULL,
  `created_at` timestamp NOT NULL DEFAULT current_timestamp(),
  `updated_at` timestamp NULL DEFAULT NULL ON UPDATE current_timestamp(),
  `deleted_at` timestamp NULL DEFAULT NULL
) ENGINE=InnoDB DEFAULT CHARSET=utf8mb4 COLLATE=utf8mb4_unicode_ci;

--
-- Dumping data for table `meal_images`
--

INSERT INTO `meal_images` (`id`, `meal_id`, `image`, `created_at`, `updated_at`, `deleted_at`) VALUES
(1, 2, '6SHOSpv716600303984534031.jpg', '2022-08-09 04:33:19', '2022-08-09 04:33:19', NULL),
(2, 2, 'tJPD5kx116600303994134620.jpg', '2022-08-09 04:33:19', '2022-08-09 04:33:19', NULL),
(3, 2, 'GpwiWlGs16600303993633235.jpg', '2022-08-09 04:33:19', '2022-08-09 04:33:19', NULL),
(4, 2, 'sZ9b0KYI16600303994656948.jpg', '2022-08-09 04:33:19', '2022-08-09 04:33:19', NULL),
(5, 2, 'yQZ1st7P16600303996996044.jpg', '2022-08-09 04:33:19', '2022-08-09 04:33:19', NULL),
(6, 2, 'foCjXXgC16600303998997452.jpg', '2022-08-09 04:33:19', '2022-08-09 04:33:19', NULL),
(7, 3, '7lBoiH5m16600309671183617.jpg', '2022-08-09 04:42:48', '2022-08-09 04:42:48', NULL),
(8, 3, 'v4pXTpk216600309686942465.jpg', '2022-08-09 04:42:48', '2022-08-09 04:42:48', NULL),
(9, 3, 'rAk6XvEf16600309685238024.jpg', '2022-08-09 04:42:48', '2022-08-09 04:42:48', NULL),
(10, 3, 'adHFM2Uk16600309684765367.jpg', '2022-08-09 04:42:48', '2022-08-09 04:42:48', NULL),
(11, 3, 'Rcis1cxN16600309685289171.jpg', '2022-08-09 04:42:48', '2022-08-09 04:42:48', NULL),
(12, 3, 'MQ0OaRay16600309689435204.jpg', '2022-08-09 04:42:48', '2022-08-09 04:42:48', NULL),
(13, 4, 'Wf4shjMF16600450165805208.jpg', '2022-08-09 08:36:56', '2022-08-09 08:36:56', NULL),
(14, 4, '2k8BnWyX16600450169388102.jpg', '2022-08-09 08:36:56', '2022-08-09 08:36:56', NULL),
(15, 4, '5ixv85ay16600450162399474.jpg', '2022-08-09 08:36:56', '2022-08-09 08:36:56', NULL),
(16, 4, 'bcYzpi5t16600450166054357.jpg', '2022-08-09 08:36:56', '2022-08-09 08:36:56', NULL),
(17, 4, 'd6QvJlYW16600450169997287.jpg', '2022-08-09 08:36:57', '2022-08-09 08:36:57', NULL),
(18, 4, 'ii0nY5Tc16600450172646476.jpg', '2022-08-09 08:36:57', '2022-08-09 08:36:57', NULL),
(19, 4, 'p6ylhLJ216600450179396489.jpg', '2022-08-09 08:36:57', '2022-08-09 08:36:57', NULL),
(20, 4, 'IXXyyWYi16600450175899583.jpg', '2022-08-09 08:36:57', '2022-08-09 08:36:57', NULL),
(21, 5, 'rQoydNwT16600451389887531.jpg', '2022-08-09 08:38:58', '2022-08-09 08:38:58', NULL),
(22, 5, 'DIEMlEh416600451385270534.jpg', '2022-08-09 08:38:58', '2022-08-09 08:38:58', NULL),
(23, 5, 'YNCSHA3y16600451387909976.jpg', '2022-08-09 08:38:58', '2022-08-09 08:38:58', NULL),
(24, 5, '9026DHiv16600451384795495.jpg', '2022-08-09 08:38:58', '2022-08-09 08:38:58', NULL),
(25, 5, '58psO7PQ16600451383247435.jpg', '2022-08-09 08:38:58', '2022-08-09 08:38:58', NULL),
(26, 5, 'SE0QdWPX16600451385971161.jpg', '2022-08-09 08:38:59', '2022-08-09 08:38:59', NULL),
(27, 6, 'sqVAi67E16601155317141167.jpg', '2022-08-10 04:12:11', '2022-08-10 04:12:11', NULL),
(28, 6, 'PnjfOtCX16601155316125238.jpg', '2022-08-10 04:12:11', '2022-08-10 04:12:11', NULL),
(29, 6, 'RgvKesm016601155317142775.jpg', '2022-08-10 04:12:12', '2022-08-10 04:12:12', NULL),
(30, 6, 'zuhVwdV816601155322962756.jpg', '2022-08-10 04:12:12', '2022-08-10 04:12:12', NULL),
(31, 7, 'vqQujQ8Y16601160214472919.jpg', '2022-08-10 04:20:21', '2022-08-10 04:20:21', NULL),
(32, 7, 'H6NEwij216601160217802788.jpg', '2022-08-10 04:20:21', '2022-08-10 04:21:33', '2022-08-10 04:21:33'),
(33, 7, 'ZHzyO9Zn16601160217598669.jpg', '2022-08-10 04:20:21', '2022-08-10 04:21:33', '2022-08-10 04:21:33'),
(34, 7, 'whjALaWw16601160215211677.jpg', '2022-08-10 04:20:22', '2022-08-10 04:20:22', NULL),
(35, 7, '2n7mSIzk16601160229762336.jpg', '2022-08-10 04:20:22', '2022-08-10 04:20:22', NULL),
(36, 1, 'VFRYFAbo16601248989644208.jpg', '2022-08-10 06:48:18', '2022-08-10 06:48:18', NULL),
(37, 1, 'VIwx6Dn416601248989131606.jpg', '2022-08-10 06:48:18', '2022-08-10 06:48:18', NULL),
(38, 1, '5ezqJybe16601248988207879.jpg', '2022-08-10 06:48:18', '2022-08-10 06:48:18', NULL),
(39, 1, 'kTfR9FP316601248987877583.jpg', '2022-08-10 06:48:18', '2022-08-10 06:48:18', NULL),
(40, 1, 'YkfB9SF416601248982508136.jpg', '2022-08-10 06:48:19', '2022-08-10 06:48:19', NULL),
(41, 1, 'w4Erldxy16601248992748193.jpg', '2022-08-10 06:48:19', '2022-08-10 06:48:19', NULL),
(42, 8, 'q62hSfZ516612389594740784.jpg', '2022-08-23 04:15:59', '2022-08-23 04:15:59', NULL),
(43, 8, 'amfb3C8M16612389594292789.jpg', '2022-08-23 04:15:59', '2022-08-23 04:15:59', NULL),
(44, 8, 'TdChSHwA16612389597482335.jpg', '2022-08-23 04:15:59', '2022-08-23 04:15:59', NULL),
(45, 8, 'wWQrxJJi16612389596554366.jpg', '2022-08-23 04:16:00', '2022-08-23 04:16:00', NULL),
(46, 8, 'ONHd13I916612389606841866.jpg', '2022-08-23 04:16:00', '2022-08-23 04:16:00', NULL),
(47, 8, 'cIxtj35K16612389608610001.jpg', '2022-08-23 04:16:00', '2022-08-23 04:16:00', NULL),
(48, 8, 'Zqz5H4SM16612389609166573.jpg', '2022-08-23 04:16:00', '2022-08-23 04:16:00', NULL),
(49, 11, 'atHgrn6k16614113318486736.jpg', '2022-08-25 04:08:51', '2022-08-25 04:08:51', NULL),
(50, 11, 'FDhoqhSi16614113315253456.jpg', '2022-08-25 04:08:52', '2022-08-25 04:08:52', NULL),
(51, 11, 'oedujCrY16614113326254576.jpg', '2022-08-25 04:08:52', '2022-08-25 04:08:52', NULL),
(52, 11, 'hTAgpeB516614113326737008.jpg', '2022-08-25 04:08:52', '2022-08-25 04:08:52', NULL),
(53, 11, '70tENkRA16614113322456205.jpg', '2022-08-25 04:08:52', '2022-08-25 04:08:52', NULL),
(54, 11, '2C5v9Tan16614113324531011.jpg', '2022-08-25 04:08:52', '2022-08-25 04:08:52', NULL);

-- --------------------------------------------------------

--
-- Table structure for table `meal_translations`
--

CREATE TABLE `meal_translations` (
  `id` bigint(20) UNSIGNED NOT NULL,
  `meal_id` int(11) NOT NULL,
  `locale` varchar(191) COLLATE utf8mb4_unicode_ci NOT NULL,
  `title` varchar(191) COLLATE utf8mb4_unicode_ci NOT NULL,
  `description` varchar(191) COLLATE utf8mb4_unicode_ci NOT NULL,
  `created_at` timestamp NOT NULL DEFAULT current_timestamp(),
  `updated_at` timestamp NULL DEFAULT NULL ON UPDATE current_timestamp(),
  `deleted_at` timestamp NULL DEFAULT NULL
) ENGINE=InnoDB DEFAULT CHARSET=utf8mb4 COLLATE=utf8mb4_unicode_ci;

--
-- Dumping data for table `meal_translations`
--

INSERT INTO `meal_translations` (`id`, `meal_id`, `locale`, `title`, `description`, `created_at`, `updated_at`, `deleted_at`) VALUES
(1, 1, 'en', '1', '11', '2022-08-09 04:07:48', '2022-08-09 04:07:48', NULL),
(2, 1, 'ar', '1', '1', '2022-08-09 04:07:48', '2022-08-09 04:07:48', NULL),
(3, 2, 'en', 'hello', 'hello hello', '2022-08-09 04:33:18', '2022-08-09 04:33:18', NULL),
(4, 2, 'ar', 'يسيسيسس', 'سييسيسي', '2022-08-09 04:33:18', '2022-08-09 04:33:18', NULL),
(5, 3, 'en', 'shawerma', 'shawerma shawerma shawerma', '2022-08-09 04:42:47', '2022-08-09 04:42:47', NULL),
(6, 3, 'ar', 'شاورما', 'شاورما شاورما شاورما', '2022-08-09 04:42:47', '2022-08-09 04:42:47', NULL),
(7, 4, 'en', 'Voluptas reiciendis', 'Quidem illum nemo excepteur occaecat maxime qui nostrum iste et fugiat ipsum quia minima quis', '2022-08-09 08:36:56', '2022-08-09 08:36:56', NULL),
(8, 4, 'ar', 'Reprehenderit ipsum', 'In dolore alias dolores et', '2022-08-09 08:36:56', '2022-08-09 08:36:56', NULL),
(9, 5, 'en', 'In ut voluptatem ea', 'Dolor eveniet libero qui ducimus nobis doloribus minus ex reiciendis est laudantium tenetur quis est sed nisi vel perspiciatis nisi', '2022-08-09 08:38:58', '2022-08-09 08:38:58', NULL),
(10, 5, 'ar', 'Harum libero volupta', 'Incididunt quo consequuntur cupiditate dolorum minima sequi autem dolor est id quo doloribus veniam pariatur Corporis', '2022-08-09 08:38:58', '2022-08-09 08:38:58', NULL),
(11, 6, 'en', '1', '1', '2022-08-10 04:12:11', '2022-08-10 04:12:11', NULL),
(12, 6, 'ar', '1', '1', '2022-08-10 04:12:11', '2022-08-10 04:12:11', NULL),
(13, 7, 'en', '1', '1', '2022-08-10 04:20:21', '2022-08-10 04:20:21', NULL),
(14, 7, 'ar', '1', '11', '2022-08-10 04:20:21', '2022-08-10 04:20:21', NULL),
(15, 8, 'en', 'Et qui eius qui exer', 'Quas minim laboriosam incididunt tenetur proident asperiores et omnis illum ad', '2022-08-23 04:15:59', '2022-08-23 04:15:59', NULL),
(16, 8, 'ar', 'Unde sunt iusto qui', 'Tenetur rerum omnis iure ut', '2022-08-23 04:15:59', '2022-08-23 04:15:59', NULL),
(17, 9, 'en', 'Et et molestiae aute', 'Et voluptatibus beatae est debitis quae culpa officia officia est aute doloribus vel sed nisi proident saepe nulla et', '2022-08-23 04:39:51', '2022-08-23 04:39:51', NULL),
(18, 9, 'ar', 'Qui dolor in porro d', 'Suscipit eu expedita quas est aute dolorem assumenda odit libero aut pariatur Mollit ad qui laborum', '2022-08-23 04:39:51', '2022-08-23 04:39:51', NULL),
(19, 10, 'en', 'Et et alias possimus', 'Mollitia pariatur Ut lorem eos sunt consequuntur voluptatem nihil dolorum natus ut labore error itaque necessitatibus ea ex cum voluptatum', '2022-08-23 04:40:27', '2022-08-23 04:40:27', NULL),
(20, 10, 'ar', 'Omnis asperiores aut', 'In consectetur amet voluptatem Maiores culpa quaerat ut molestias similique perferendis dolorem', '2022-08-23 04:40:27', '2022-08-23 04:40:27', NULL),
(21, 11, 'en', 'Aut velit consequatu', 'Optio assumenda et dolor quis repudiandae tenetur explicabo Ut eveniet voluptatibus eaque voluptas voluptatem', '2022-08-25 04:08:51', '2022-08-25 04:08:51', NULL),
(22, 11, 'ar', 'Iusto unde sint sol', 'Nihil commodo amet mollit ea nesciunt illo mollitia enim rem distinctio Nisi adipisci modi', '2022-08-25 04:08:51', '2022-08-25 04:08:51', NULL);

-- --------------------------------------------------------

--
-- Table structure for table `migrations`
--

CREATE TABLE `migrations` (
  `id` int(10) UNSIGNED NOT NULL,
  `migration` varchar(191) COLLATE utf8mb4_unicode_ci NOT NULL,
  `batch` int(11) NOT NULL
) ENGINE=InnoDB DEFAULT CHARSET=utf8mb4 COLLATE=utf8mb4_unicode_ci;

--
-- Dumping data for table `migrations`
--

INSERT INTO `migrations` (`id`, `migration`, `batch`) VALUES
(1, '0000_00_00_000000_create_websockets_statistics_entries_table', 1),
(2, '2014_10_12_000000_create_users_table', 1),
(3, '2014_10_12_100000_create_password_resets_table', 1),
(4, '2016_06_01_000001_create_oauth_auth_codes_table', 1),
(5, '2016_06_01_000002_create_oauth_access_tokens_table', 1),
(6, '2016_06_01_000003_create_oauth_refresh_tokens_table', 1),
(7, '2016_06_01_000004_create_oauth_clients_table', 1),
(8, '2016_06_01_000005_create_oauth_personal_access_clients_table', 1),
(9, '2019_08_19_000000_create_failed_jobs_table', 1),
(10, '2022_02_05_120404_create_settings_table', 1),
(11, '2022_02_05_120430_create_setting_translations_table', 1),
(12, '2022_03_04_115027_create_contacts_table', 1),
(13, '2022_03_07_201822_create_pages_table', 1),
(14, '2022_03_07_201850_create_page_translations_table', 1),
(15, '2022_03_20_132959_create_languages_table', 1),
(16, '2022_03_20_133027_create_language_translation_table', 1),
(17, '2022_05_24_063926_create_varification_codes_table', 1),
(18, '2022_08_07_080113_create_user_translations_table', 1),
(19, '2022_08_07_095539_create_cuisines_table', 2),
(20, '2022_08_07_095556_create_cuisine_translations_table', 2),
(21, '2022_08_07_104845_create_user_images_table', 3),
(22, '2022_08_07_105720_create_user_cuisines_table', 4),
(23, '2022_02_28_125214_create_categories_table', 5),
(24, '2022_02_28_125336_create_category_translations_table', 5),
(25, '2022_08_09_054954_create_meals_table', 6),
(26, '2022_08_09_055048_create_meal_translations_table', 6),
(27, '2022_08_09_060402_create_meal_images_table', 6),
(28, '2022_08_09_084953_create_options_table', 7),
(29, '2022_08_09_085016_create_option_translations_table', 7),
(30, '2022_08_09_091355_create_option_values_table', 7),
(31, '2022_08_09_091417_create_option_value_translations_table', 7),
(32, '2022_08_09_112544_create_extras_table', 8),
(33, '2022_08_09_112600_create_extra_translations_table', 8),
(34, '2022_08_09_122510_create_option_option_values_table', 9),
(35, '2022_08_10_084001_create_days_table', 10),
(36, '2022_08_10_084028_create_day_translations_table', 10),
(37, '2022_08_10_085526_create_times_table', 11),
(38, '2022_08_10_095236_create_carts_table', 12),
(39, '2022_08_10_095305_create_cart_options_table', 12),
(40, '2022_08_10_095322_create_cart_extras_table', 12),
(41, '2022_07_24_073256_create_promo_codes_table', 13),
(42, '2022_07_25_085907_create_orders_table', 14),
(44, '2022_07_25_085922_create_order_products_table', 15),
(45, '2022_08_14_081853_create_order_product_options_table', 15),
(46, '2022_08_14_081921_create_order_product_extras_table', 15),
(47, '2022_08_14_082650_create_order_meals_table', 16),
(48, '2022_08_14_082903_create_order_meal_options_table', 17),
(49, '2022_08_14_082959_create_order_meal_extras_table', 17),
(50, '2022_08_16_120915_create_promo_code_users_table', 18),
(51, '2022_02_28_125214_create_banners_table', 19),
(52, '2022_08_17_085933_create_join_requests_table', 20),
(53, '2022_08_18_113139_create_user_searches_table', 21),
(54, '2022_08_21_062118_create_subadmins_table', 22),
(55, '2022_08_21_070920_create_subadmin_translations_table', 23),
(56, '2022_08_23_104309_create_activity_log_table', 24),
(57, '2022_03_06_072541_create_admin_roles_table', 25),
(58, '2022_03_06_072637_create_roles_table', 25),
(59, '2022_03_06_072708_create_permissions_table', 25),
(60, '2022_03_06_072813_create_permission_translations_table', 25),
(61, '2022_03_06_081530_create_role_translations_table', 25),
(62, '2022_03_06_081604_create_role_permissions_table', 25);

-- --------------------------------------------------------

--
-- Table structure for table `notifications`
--

CREATE TABLE `notifications` (
  `id` bigint(20) UNSIGNED NOT NULL,
  `user_id` int(11) NOT NULL,
  `fcm_token` varchar(191) COLLATE utf8mb4_unicode_ci DEFAULT NULL,
  `target_id` int(11) NOT NULL,
  `type` int(11) NOT NULL COMMENT '1->admin , 2->order , 3->logout',
  `created_at` timestamp NULL DEFAULT current_timestamp(),
  `updated_at` timestamp NULL DEFAULT NULL,
  `deleted_at` timestamp NULL DEFAULT NULL
) ENGINE=InnoDB DEFAULT CHARSET=utf8mb4 COLLATE=utf8mb4_unicode_ci;

--
-- Dumping data for table `notifications`
--

INSERT INTO `notifications` (`id`, `user_id`, `fcm_token`, `target_id`, `type`, `created_at`, `updated_at`, `deleted_at`) VALUES
(1, 0, NULL, 52, 2, '2022-08-25 08:44:35', '2022-08-25 08:44:35', NULL),
(2, 0, NULL, 52, 2, '2022-08-25 08:46:31', '2022-08-25 08:46:31', NULL),
(3, 0, NULL, 52, 2, '2022-08-25 08:47:49', '2022-08-25 08:47:49', NULL),
(4, 0, NULL, 52, 2, '2022-08-25 08:50:24', '2022-08-25 08:50:24', NULL),
(5, 0, NULL, 52, 2, '2022-08-25 09:00:42', '2022-08-25 09:00:42', NULL),
(6, 0, '123', 52, 2, '2022-08-25 09:01:26', '2022-08-25 09:01:26', NULL),
(7, 0, '123', 52, 2, '2022-08-25 09:03:01', '2022-08-25 09:03:01', NULL),
(8, 0, '123', 52, 2, '2022-08-25 09:03:30', '2022-08-25 09:03:30', NULL),
(9, 0, '123', 52, 2, '2022-08-25 09:03:45', '2022-08-25 09:03:45', NULL),
(10, 0, '123', 52, 2, '2022-08-25 09:04:33', '2022-08-25 09:04:33', NULL),
(11, 0, '123', 52, 2, '2022-08-25 09:04:47', '2022-08-25 09:04:47', NULL),
(12, 0, '123', 52, 2, '2022-08-25 09:05:06', '2022-08-25 09:05:06', NULL),
(13, 0, '123', 52, 2, '2022-08-25 09:05:22', '2022-08-25 09:05:22', NULL),
(14, 0, '123', 52, 2, '2022-08-25 09:05:55', '2022-08-25 09:05:55', NULL),
(15, 0, '123', 52, 2, '2022-08-25 09:10:01', '2022-08-25 09:10:01', NULL),
(16, 0, '123', 52, 2, '2022-08-25 09:10:29', '2022-08-25 09:10:29', NULL),
(17, 0, '123', 52, 2, '2022-08-25 09:11:10', '2022-08-25 09:11:10', NULL),
(18, -1, NULL, 0, 1, '2022-08-25 09:13:52', '2022-08-25 09:13:52', NULL),
(19, 0, '123', 81, 2, '2022-08-28 06:43:10', '2022-08-28 06:43:10', NULL),
(20, 0, '123', 49, 2, '2022-08-28 06:44:45', '2022-08-28 06:44:45', NULL),
(21, 0, '123', 48, 2, '2022-08-28 07:04:53', '2022-08-28 07:04:53', NULL),
(22, 0, '123', 48, 2, '2022-08-28 07:05:00', '2022-08-28 07:05:00', NULL),
(23, 11, '123', 18, 2, '2022-08-28 08:23:55', '2022-08-28 08:23:55', NULL),
(24, 11, '123', 18, 2, '2022-08-28 08:55:52', '2022-08-28 08:55:52', NULL),
(25, 0, '123', 80, 2, '2022-08-28 09:48:31', '2022-08-28 09:48:31', NULL),
(26, 0, '123', 80, 2, '2022-08-28 09:51:16', '2022-08-28 09:51:16', NULL),
(27, 0, '123', 80, 2, '2022-08-29 03:32:35', '2022-08-29 03:32:35', NULL),
(28, 0, '123', 80, 2, '2022-08-29 04:02:29', '2022-08-29 04:02:29', NULL),
(29, 15, NULL, 0, 3, '2022-08-29 05:48:04', '2022-08-29 05:48:04', NULL),
(30, 22, NULL, 0, 3, '2022-08-29 05:55:04', '2022-08-29 05:55:04', NULL),
(31, 15, '123', 89, 2, '2022-08-29 06:15:24', '2022-08-29 06:15:24', NULL);

-- --------------------------------------------------------

--
-- Table structure for table `notification_translations`
--

CREATE TABLE `notification_translations` (
  `id` bigint(20) UNSIGNED NOT NULL,
  `notification_id` int(11) NOT NULL,
  `locale` varchar(191) COLLATE utf8mb4_unicode_ci NOT NULL,
  `title` varchar(191) COLLATE utf8mb4_unicode_ci NOT NULL,
  `message` varchar(191) COLLATE utf8mb4_unicode_ci NOT NULL,
  `created_at` timestamp NULL DEFAULT current_timestamp(),
  `updated_at` timestamp NULL DEFAULT NULL,
  `deleted_at` timestamp NULL DEFAULT NULL
) ENGINE=InnoDB DEFAULT CHARSET=utf8mb4 COLLATE=utf8mb4_unicode_ci;

--
-- Dumping data for table `notification_translations`
--

INSERT INTO `notification_translations` (`id`, `notification_id`, `locale`, `title`, `message`, `created_at`, `updated_at`, `deleted_at`) VALUES
(1, 1, 'en', 'Order #52', '', '2022-08-25 08:44:35', '2022-08-25 08:44:35', NULL),
(2, 1, 'ar', '52طلب #', '', '2022-08-25 08:44:35', '2022-08-25 08:44:35', NULL),
(3, 2, 'en', 'Order #52', 'You order is Being Prepared', '2022-08-25 08:46:31', '2022-08-25 08:46:31', NULL),
(4, 2, 'ar', '52طلب #', 'طلبك قيد التحضير', '2022-08-25 08:46:31', '2022-08-25 08:46:31', NULL),
(5, 3, 'en', 'Order #52', 'Your order is Ready for Pick Up', '2022-08-25 08:47:49', '2022-08-25 08:47:49', NULL),
(6, 3, 'ar', '52طلب #', 'طلبك جاهز للاستلام', '2022-08-25 08:47:49', '2022-08-25 08:47:49', NULL),
(7, 4, 'en', 'Order #52', 'You order is Being Prepared', '2022-08-25 08:50:24', '2022-08-25 08:50:24', NULL),
(8, 4, 'ar', '52طلب #', 'طلبك قيد التحضير', '2022-08-25 08:50:24', '2022-08-25 08:50:24', NULL),
(9, 5, 'en', 'Order #52', '', '2022-08-25 09:00:42', '2022-08-25 09:00:42', NULL),
(10, 5, 'ar', '52طلب #', '', '2022-08-25 09:00:42', '2022-08-25 09:00:42', NULL),
(11, 6, 'en', 'Order #52', 'You order is Being Prepared', '2022-08-25 09:01:26', '2022-08-25 09:01:26', NULL),
(12, 6, 'ar', '52طلب #', 'طلبك قيد التحضير', '2022-08-25 09:01:26', '2022-08-25 09:01:26', NULL),
(13, 7, 'en', 'Order #52', '', '2022-08-25 09:03:01', '2022-08-25 09:03:01', NULL),
(14, 7, 'ar', '52طلب #', '', '2022-08-25 09:03:01', '2022-08-25 09:03:01', NULL),
(15, 8, 'en', 'Order #52', 'You order is Being Prepared', '2022-08-25 09:03:30', '2022-08-25 09:03:30', NULL),
(16, 8, 'ar', '52طلب #', 'طلبك قيد التحضير', '2022-08-25 09:03:30', '2022-08-25 09:03:30', NULL),
(17, 9, 'en', 'Order #52', '', '2022-08-25 09:03:45', '2022-08-25 09:03:45', NULL),
(18, 9, 'ar', '52طلب #', '', '2022-08-25 09:03:45', '2022-08-25 09:03:45', NULL),
(19, 10, 'en', 'Order #52', 'You order is Being Prepared', '2022-08-25 09:04:33', '2022-08-25 09:04:33', NULL),
(20, 10, 'ar', '52طلب #', 'طلبك قيد التحضير', '2022-08-25 09:04:33', '2022-08-25 09:04:33', NULL),
(21, 11, 'en', 'Order #52', '', '2022-08-25 09:04:47', '2022-08-25 09:04:47', NULL),
(22, 11, 'ar', '52طلب #', '', '2022-08-25 09:04:47', '2022-08-25 09:04:47', NULL),
(23, 12, 'en', 'Order #52', '', '2022-08-25 09:05:06', '2022-08-25 09:05:06', NULL),
(24, 12, 'ar', '52طلب #', '', '2022-08-25 09:05:06', '2022-08-25 09:05:06', NULL),
(25, 13, 'en', 'Order #52', 'You order is Being Prepared', '2022-08-25 09:05:22', '2022-08-25 09:05:22', NULL),
(26, 13, 'ar', '52طلب #', 'طلبك قيد التحضير', '2022-08-25 09:05:22', '2022-08-25 09:05:22', NULL),
(27, 14, 'en', 'Order #52', '', '2022-08-25 09:05:55', '2022-08-25 09:05:55', NULL),
(28, 14, 'ar', '52طلب #', '', '2022-08-25 09:05:55', '2022-08-25 09:05:55', NULL),
(29, 15, 'en', 'Order #52', 'You order is Being Prepared', '2022-08-25 09:10:01', '2022-08-25 09:10:01', NULL),
(30, 15, 'ar', '52طلب #', 'طلبك قيد التحضير', '2022-08-25 09:10:01', '2022-08-25 09:10:01', NULL),
(31, 16, 'en', 'Order #52', 'You order is Being Prepared', '2022-08-25 09:10:29', '2022-08-25 09:10:29', NULL),
(32, 16, 'ar', '52طلب #', 'طلبك قيد التحضير', '2022-08-25 09:10:29', '2022-08-25 09:10:29', NULL),
(33, 17, 'en', 'Order #52', 'You order is Being Prepared', '2022-08-25 09:11:10', '2022-08-25 09:11:10', NULL),
(34, 17, 'ar', '52طلب #', 'طلبك قيد التحضير', '2022-08-25 09:11:10', '2022-08-25 09:11:10', NULL),
(35, 18, 'en', 'Quo molestiae aliqui', 'In doloribus id inve', '2022-08-25 09:13:52', '2022-08-25 09:13:52', NULL),
(36, 18, 'ar', 'Porro reprehenderit', 'Omnis ut a non ad su', '2022-08-25 09:13:52', '2022-08-25 09:13:52', NULL),
(37, 19, 'en', 'Order #81', 'Sorry! Your order has been cancelled, please contact our customer service.', '2022-08-28 06:43:10', '2022-08-28 06:43:10', NULL),
(38, 19, 'ar', '81طلب #', 'نأسف ! تم الغاء طلبك , يرجى التواصل مع خدمة العملاء', '2022-08-28 06:43:10', '2022-08-28 06:43:10', NULL),
(39, 20, 'en', 'Order #49', 'Sorry! Your order has been cancelled, please contact our customer service.', '2022-08-28 06:44:45', '2022-08-28 06:44:45', NULL),
(40, 20, 'ar', '49طلب #', 'نأسف ! تم الغاء طلبك , يرجى التواصل مع خدمة العملاء', '2022-08-28 06:44:45', '2022-08-28 06:44:45', NULL),
(41, 21, 'en', 'Order #48', 'You order is Being Prepared', '2022-08-28 07:04:53', '2022-08-28 07:04:53', NULL),
(42, 21, 'ar', '48طلب #', 'طلبك قيد التحضير', '2022-08-28 07:04:53', '2022-08-28 07:04:53', NULL),
(43, 22, 'en', 'Order #48', 'Your order is Ready for Pick Up', '2022-08-28 07:05:00', '2022-08-28 07:05:00', NULL),
(44, 22, 'ar', '48طلب #', 'طلبك جاهز للاستلام', '2022-08-28 07:05:00', '2022-08-28 07:05:00', NULL),
(45, 23, 'en', 'Order #18', 'Your order is Ready for Pick Up', '2022-08-28 08:23:55', '2022-08-28 08:23:55', NULL),
(46, 23, 'ar', '18طلب #', 'طلبك جاهز للاستلام', '2022-08-28 08:23:55', '2022-08-28 08:23:55', NULL),
(47, 24, 'en', 'Order #18', 'You order is Being Prepared', '2022-08-28 08:55:52', '2022-08-28 08:55:52', NULL),
(48, 24, 'ar', '18طلب #', 'طلبك قيد التحضير', '2022-08-28 08:55:52', '2022-08-28 08:55:52', NULL),
(49, 25, 'en', 'Order #80', 'You order is Being Prepared', '2022-08-28 09:48:31', '2022-08-28 09:48:31', NULL),
(50, 25, 'ar', '80طلب #', 'طلبك قيد التحضير', '2022-08-28 09:48:31', '2022-08-28 09:48:31', NULL),
(51, 26, 'en', 'Order #80', 'Your order is Ready for Pick Up', '2022-08-28 09:51:16', '2022-08-28 09:51:16', NULL),
(52, 26, 'ar', '80طلب #', 'طلبك جاهز للاستلام', '2022-08-28 09:51:16', '2022-08-28 09:51:16', NULL),
(53, 27, 'en', 'Order #80', 'You order is Being Prepared', '2022-08-29 03:32:35', '2022-08-29 03:32:35', NULL),
(54, 27, 'ar', '80طلب #', 'طلبك قيد التحضير', '2022-08-29 03:32:35', '2022-08-29 03:32:35', NULL),
(55, 28, 'en', 'Order #80', 'Your order is Ready for Pick Up', '2022-08-29 04:02:29', '2022-08-29 04:02:29', NULL),
(56, 28, 'ar', '80طلب #', 'طلبك جاهز للاستلام', '2022-08-29 04:02:29', '2022-08-29 04:02:29', NULL),
(57, 29, 'en', 'Attention', 'You Are Logout', '2022-08-29 05:48:04', '2022-08-29 05:48:04', NULL),
(58, 29, 'ar', 'تنبيه', 'لقد تم تسجيل الخروج', '2022-08-29 05:48:04', '2022-08-29 05:48:04', NULL),
(59, 30, 'en', 'Attention', 'You Are Logout', '2022-08-29 05:55:04', '2022-08-29 05:55:04', NULL),
(60, 30, 'ar', 'تنبيه', 'لقد تم تسجيل الخروج', '2022-08-29 05:55:04', '2022-08-29 05:55:04', NULL),
(61, 31, 'en', 'Order #89', 'Your order has been picked up', '2022-08-29 06:15:24', '2022-08-29 06:15:24', NULL),
(62, 31, 'ar', '89طلب #', 'تم تسليم طلبك', '2022-08-29 06:15:24', '2022-08-29 06:15:24', NULL);

-- --------------------------------------------------------

--
-- Table structure for table `oauth_access_tokens`
--

CREATE TABLE `oauth_access_tokens` (
  `id` varchar(100) COLLATE utf8mb4_unicode_ci NOT NULL,
  `user_id` bigint(20) UNSIGNED DEFAULT NULL,
  `client_id` char(36) COLLATE utf8mb4_unicode_ci NOT NULL,
  `name` varchar(191) COLLATE utf8mb4_unicode_ci DEFAULT NULL,
  `scopes` text COLLATE utf8mb4_unicode_ci DEFAULT NULL,
  `revoked` tinyint(1) NOT NULL,
  `created_at` timestamp NULL DEFAULT NULL,
  `updated_at` timestamp NULL DEFAULT NULL,
  `expires_at` datetime DEFAULT NULL
) ENGINE=InnoDB DEFAULT CHARSET=utf8mb4 COLLATE=utf8mb4_unicode_ci;

--
-- Dumping data for table `oauth_access_tokens`
--

INSERT INTO `oauth_access_tokens` (`id`, `user_id`, `client_id`, `name`, `scopes`, `revoked`, `created_at`, `updated_at`, `expires_at`) VALUES
('081c4fb765a58bc74cccc67c801b4313b39bef12cfc994024d1d21db186f2f093f1b29ec10813bc5', 15, '1', 'mobile', '[]', 0, '2022-08-29 04:49:41', '2022-08-29 04:49:41', '2023-08-29 07:49:41'),
('0d118b11c544464463729eca02418107c630aa534fcabfb2ff634901a30a54a1f6c83299f80d1c62', 11, '1', 'mobile', '[]', 1, '2022-08-18 09:42:33', '2022-08-18 09:42:33', '2023-08-18 12:42:33'),
('1a01a2cedf344d0442e1b5b4e21686856553f46169c1e375ab066213305f3d423ac5a966d476058c', 11, '1', 'mobile', '[]', 0, '2022-08-16 02:59:24', '2022-08-16 02:59:24', '2023-08-16 05:59:24'),
('1fd017a180d49231ea764b32a2fe000ebc63b169bb2a0772dd68fbb43a103610eb4230e3b94305a2', 11, '1', 'mobile', '[]', 0, '2022-08-16 03:40:20', '2022-08-16 03:40:20', '2023-08-16 06:40:20'),
('28d65ee758ac46fe313540b9f325f1d6d8be959b878b96652896e3d2514a786cd9ff393d4e3fd80b', 11, '1', 'mobile', '[]', 0, '2022-08-18 09:39:15', '2022-08-18 09:39:15', '2023-08-18 12:39:15'),
('32704e47b798ce4c9566d82c64f7d08fc3fd2f9930bed9d1242c523ec90b18108f7b0d47d45c1e54', 11, '1', 'mobile', '[]', 0, '2022-08-16 03:50:02', '2022-08-16 03:50:02', '2023-08-16 06:50:02'),
('3ebfc407fad0b72995f0d7034c1fe354fa1d550f7c2ed049a6d8bdd05b808057cb2fae059be0aa3d', 11, '1', 'mobile', '[]', 0, '2022-08-16 03:57:31', '2022-08-16 03:57:31', '2023-08-16 06:57:31'),
('41dc3a26b1a5714a4c044b331653cffe245678c657b75c1fd6b1388ac9b64cc73e601fee1267dc96', 11, '1', 'mobile', '[]', 1, '2022-08-16 03:26:00', '2022-08-16 03:26:00', '2023-08-16 06:26:00'),
('459eeb9e4bfc1fd5a85359dd2c8599bec5e708a0a30761b52caa9666a9c060779ad874a3d9b6fb48', 11, '1', 'mobile', '[]', 0, '2022-08-16 03:57:36', '2022-08-16 03:57:36', '2023-08-16 06:57:36'),
('4e25f7ece8577fbccc1fcf657fd261ee458c6207b7867c4b5e7216f50c0309d4fe06592776a0962b', 11, '1', 'mobile', '[]', 0, '2022-08-18 09:51:29', '2022-08-18 09:51:29', '2023-08-18 12:51:29'),
('583c7b7f1301da0a565139c9654214c7a23f26782fc13a1f7968b4c291ec3bff6c1a905544efb516', 11, '1', 'mobile', '[]', 0, '2022-08-16 03:53:35', '2022-08-16 03:53:35', '2023-08-16 06:53:35'),
('5d2f2b647ba2b384384909c7ee03f727e7db6f28621af996b4cb778e346586eb25727b05ce0a1e0b', 11, '1', 'mobile', '[]', 1, '2022-08-18 08:59:30', '2022-08-18 08:59:30', '2023-08-18 11:59:30'),
('75f57d08a796f0c5310874e36d1eac26b30614de1f270fa533ff6eb3db32ef2dd751a702d01b414c', 11, '1', 'mobile', '[]', 0, '2022-08-16 03:22:55', '2022-08-16 03:22:55', '2023-08-16 06:22:55'),
('776f98d3c8792518473a7ed87ef89113b2cd8bad3e727435c8109522a3f10fe95caa2edffe07c8c6', 11, '1', 'mobile', '[]', 1, '2022-08-16 03:58:18', '2022-08-16 03:58:18', '2023-08-16 06:58:18'),
('87eb21414c2f526a8cddffcd0b4e4207761425b510c7c32a873b0d17dbf53e5c3f59e2931909f228', 11, '1', 'mobile', '[]', 0, '2022-08-16 03:53:23', '2022-08-16 03:53:23', '2023-08-16 06:53:23'),
('8c4abe897fe9954bd2e1989ca4fd29870309096931e7604ad609d493652c6ef6c3b18dcd686f1f80', 11, '1', 'mobile', '[]', 0, '2022-08-16 03:41:11', '2022-08-16 03:41:11', '2023-08-16 06:41:11'),
('8df9f55e94900fb8139f02a630321b70bad813790860f43b856d0004552cc9c58e66428ac3e2412a', 11, '1', 'mobile', '[]', 0, '2022-08-16 03:30:33', '2022-08-16 03:30:33', '2023-08-16 06:30:33'),
('915ac990ac6647451aab66322c8526a05e185c154ce5f54b66cb22fa10d53c5ea62acf211f2dfe00', 11, '1', 'mobile', '[]', 0, '2022-08-16 03:54:47', '2022-08-16 03:54:47', '2023-08-16 06:54:47'),
('9fef95bcfcf82a123797bcac7b9edd31b5c797c1243fea729889d2543d4d839f757c49007c8d8a93', 11, '1', 'mobile', '[]', 0, '2022-08-18 09:38:42', '2022-08-18 09:38:42', '2023-08-18 12:38:42'),
('aaf4ec4e01abf31c8009dc2f49e52c91b91795816622e702e1329ebe8b53e9ecd2b167be4b8a7e57', 11, '1', 'mobile', '[]', 0, '2022-08-16 03:22:25', '2022-08-16 03:22:25', '2023-08-16 06:22:25'),
('ad50067f6732c5563a6b322a6c56f852a9265a9ffa5f514a49839cf659dc6c7a1cbd5abc6559e23d', 11, '1', 'mobile', '[]', 0, '2022-08-17 05:04:51', '2022-08-17 05:04:51', '2023-08-17 08:04:51'),
('b534e7a109bd4cc9b91cadd5f422254af4b6e8762b9fb4380b0018ada8f0c243504df973da29a787', 11, '1', 'mobile', '[]', 0, '2022-08-18 09:38:29', '2022-08-18 09:38:29', '2023-08-18 12:38:29'),
('bf9941561af20ca022d2624fc2f964845a3ed79f7421b2a07e415ca46f965fd3d4ad19e7ad27ee90', 11, '1', 'mobile', '[]', 0, '2022-08-16 03:34:16', '2022-08-16 03:34:16', '2023-08-16 06:34:16'),
('c0362e86cdbce399bdbf64c024cf52fc028112183de82b20b5be017a2e888312882be901c0637197', 10, '1', 'mobile', '[]', 0, '2022-08-16 02:57:00', '2022-08-16 02:57:00', '2023-08-16 05:57:00'),
('cf057f83de8ea3a9b406fff0a6470d25a225eb75efc44044a638c4ee919ee8bf224e467c9c4450a0', 18, '1', 'mobile', '[]', 0, '2022-08-18 09:48:16', '2022-08-18 09:48:16', '2023-08-18 12:48:16'),
('d0f0a3d4d3aa2f16bb5340fc8b70e390411a6b887e9b2fb9fdf5b83cf809aefdf5c1d1a682ef5de7', 14, '1', 'mobile', '[]', 0, '2022-08-16 03:56:17', '2022-08-16 03:56:17', '2023-08-16 06:56:17'),
('e09073793d053be88208ebcbf3e1f2e251b3504a686abec7ecc0f7e70cf2e52bea9b8af91499b2b2', 11, '1', 'mobile', '[]', 0, '2022-08-16 03:57:23', '2022-08-16 03:57:23', '2023-08-16 06:57:23'),
('e273f9031c8f5723a08e6701dd8e585ae94c11b933735be2b0818aee5fb1deb569afff84cc5682c4', 11, '1', 'mobile', '[]', 1, '2022-08-16 04:11:38', '2022-08-16 04:11:38', '2023-08-16 07:11:38'),
('e8ec7e406f80753b17ca99b7025251b785f30616e245d40852445f2380782bac5fc92a16110fd32f', 14, '1', 'mobile', '[]', 0, '2022-08-16 03:57:19', '2022-08-16 03:57:19', '2023-08-16 06:57:19'),
('ed736da1a61a246f80d2f5106d58eb09a1d090e54fb82fb5c9144b8a110270728c4f752e4ea6e933', 14, '1', 'mobile', '[]', 0, '2022-08-16 04:09:03', '2022-08-16 04:09:03', '2023-08-16 07:09:03'),
('efdad0d16fefcc38242eb580b32d2f0c89c720a8d225ea41460b0f37869a82251a88cf8d3d8d2332', 11, '1', 'mobile', '[]', 0, '2022-08-16 06:08:23', '2022-08-16 06:08:23', '2023-08-16 09:08:23'),
('fb3bf7aba87e95d83cf787ae122d7d1050b425159eaf10e05197a510afd96f43b04b2dc7b8d1ae85', 11, '1', 'mobile', '[]', 0, '2022-08-18 09:39:25', '2022-08-18 09:39:25', '2023-08-18 12:39:25');

-- --------------------------------------------------------

--
-- Table structure for table `oauth_auth_codes`
--

CREATE TABLE `oauth_auth_codes` (
  `id` varchar(100) COLLATE utf8mb4_unicode_ci NOT NULL,
  `user_id` bigint(20) UNSIGNED NOT NULL,
  `client_id` char(36) COLLATE utf8mb4_unicode_ci NOT NULL,
  `scopes` text COLLATE utf8mb4_unicode_ci DEFAULT NULL,
  `revoked` tinyint(1) NOT NULL,
  `expires_at` datetime DEFAULT NULL
) ENGINE=InnoDB DEFAULT CHARSET=utf8mb4 COLLATE=utf8mb4_unicode_ci;

-- --------------------------------------------------------

--
-- Table structure for table `oauth_clients`
--

CREATE TABLE `oauth_clients` (
  `id` int(10) UNSIGNED NOT NULL,
  `user_id` int(11) DEFAULT NULL,
  `name` varchar(191) COLLATE utf8mb4_unicode_ci NOT NULL,
  `secret` varchar(100) COLLATE utf8mb4_unicode_ci NOT NULL,
  `redirect` text COLLATE utf8mb4_unicode_ci NOT NULL,
  `personal_access_client` tinyint(1) NOT NULL,
  `password_client` tinyint(1) NOT NULL,
  `revoked` tinyint(1) NOT NULL,
  `created_at` timestamp NULL DEFAULT NULL,
  `updated_at` timestamp NULL DEFAULT NULL
) ENGINE=InnoDB DEFAULT CHARSET=utf8mb4 COLLATE=utf8mb4_unicode_ci;

--
-- Dumping data for table `oauth_clients`
--

INSERT INTO `oauth_clients` (`id`, `user_id`, `name`, `secret`, `redirect`, `personal_access_client`, `password_client`, `revoked`, `created_at`, `updated_at`) VALUES
(1, NULL, 'Laravel Personal Access Client', 'b5R7r18pfp92zTbIeNbcAEUnUOKAFj4RF26OQBQ9', 'http://localhost', 1, 0, 0, '2018-04-04 05:12:13', '2018-04-04 05:12:13'),
(2, NULL, 'Laravel Password Grant Client', '8FeNSQNGX4ImJ1IScKBaEi1XzD76DFIifSRBjn9j', 'http://localhost', 0, 1, 0, '2018-04-04 05:12:13', '2018-04-04 05:12:13');

-- --------------------------------------------------------

--
-- Table structure for table `oauth_personal_access_clients`
--

CREATE TABLE `oauth_personal_access_clients` (
  `id` bigint(20) UNSIGNED NOT NULL,
  `client_id` char(36) COLLATE utf8mb4_unicode_ci NOT NULL,
  `created_at` timestamp NULL DEFAULT NULL,
  `updated_at` timestamp NULL DEFAULT NULL
) ENGINE=InnoDB DEFAULT CHARSET=utf8mb4 COLLATE=utf8mb4_unicode_ci;

--
-- Dumping data for table `oauth_personal_access_clients`
--

INSERT INTO `oauth_personal_access_clients` (`id`, `client_id`, `created_at`, `updated_at`) VALUES
(1, '1', '2022-08-16 05:53:40', '2022-08-16 05:53:40');

-- --------------------------------------------------------

--
-- Table structure for table `oauth_refresh_tokens`
--

CREATE TABLE `oauth_refresh_tokens` (
  `id` varchar(100) COLLATE utf8mb4_unicode_ci NOT NULL,
  `access_token_id` varchar(100) COLLATE utf8mb4_unicode_ci NOT NULL,
  `revoked` tinyint(1) NOT NULL,
  `expires_at` datetime DEFAULT NULL
) ENGINE=InnoDB DEFAULT CHARSET=utf8mb4 COLLATE=utf8mb4_unicode_ci;

-- --------------------------------------------------------

--
-- Table structure for table `options`
--

CREATE TABLE `options` (
  `id` bigint(20) UNSIGNED NOT NULL,
  `meal_id` int(11) NOT NULL,
  `options_type` int(11) NOT NULL DEFAULT 0 COMMENT '0->optional , 1->mandatory',
  `selection_type` int(11) NOT NULL DEFAULT 0 COMMENT '0->single , 1->multiple',
  `minimum_value` int(11) DEFAULT 0,
  `maximum_value` int(11) DEFAULT 0,
  `sort_order` int(11) NOT NULL,
  `created_at` timestamp NOT NULL DEFAULT current_timestamp(),
  `updated_at` timestamp NULL DEFAULT NULL ON UPDATE current_timestamp(),
  `deleted_at` timestamp NULL DEFAULT NULL
) ENGINE=InnoDB DEFAULT CHARSET=utf8mb4 COLLATE=utf8mb4_unicode_ci;

--
-- Dumping data for table `options`
--

INSERT INTO `options` (`id`, `meal_id`, `options_type`, `selection_type`, `minimum_value`, `maximum_value`, `sort_order`, `created_at`, `updated_at`, `deleted_at`) VALUES
(1, 1, 1, 0, 0, 0, 2, '2022-08-10 02:51:29', '2022-08-11 08:43:12', NULL),
(2, 1, 0, 0, 1, 1, 1, '2022-08-10 03:58:05', '2022-08-11 08:45:20', NULL),
(3, 3, 0, 1, 1, 2, 9, '2022-08-10 05:02:51', '2022-08-29 06:34:43', '2022-08-29 06:34:43'),
(4, 3, 0, 1, 1, 3, 36, '2022-08-16 06:16:54', '2022-08-16 06:16:54', NULL),
(5, 4, 1, 1, 1, 3, 1, '2022-08-18 08:24:42', '2022-08-18 08:24:42', NULL),
(6, 6, 1, 1, 1, 3, 67, '2022-08-23 04:17:06', '2022-08-23 08:55:33', NULL),
(7, 8, 1, 0, 0, 0, 83, '2022-08-23 04:22:13', '2022-08-23 04:22:21', '2022-08-23 04:22:21'),
(8, 6, 1, 0, 0, 0, 7, '2022-08-23 08:55:49', '2022-08-23 08:55:49', NULL),
(9, 8, 1, 0, 0, 0, 78, '2022-08-23 09:09:48', '2022-08-23 09:12:22', '2022-08-23 09:12:22'),
(10, 11, 1, 1, 1, 2, 87, '2022-08-25 04:44:33', '2022-08-25 04:44:33', NULL),
(11, 11, 0, 1, 3, 1, 81, '2022-08-25 04:45:04', '2022-08-25 04:45:21', '2022-08-25 04:45:21'),
(12, 11, 1, 1, 1, 2, 100, '2022-08-25 04:49:30', '2022-08-28 08:47:44', NULL),
(13, 11, 1, 1, 1, 2, 54, '2022-08-25 04:50:06', '2022-08-28 08:40:58', NULL),
(14, 14, 0, 1, 0, 0, 43, '2022-08-25 04:51:16', '2022-08-28 08:35:16', NULL),
(15, 15, 0, 1, 0, 0, 28, '2022-08-25 04:55:28', '2022-08-28 08:31:41', NULL),
(16, 11, 0, 1, 5, 1, 25, '2022-08-25 04:56:31', '2022-08-28 08:27:54', '2022-08-28 08:27:54'),
(17, 11, 1, 1, 5, 1, 11, '2022-08-25 04:57:59', '2022-08-28 08:27:51', '2022-08-28 08:27:51'),
(18, 8, 0, 1, 11, 22, 36, '2022-08-25 06:46:51', '2022-08-25 06:46:59', '2022-08-25 06:46:59'),
(19, 3, 0, 1, 1, 2, 78, '2022-08-25 09:37:42', '2022-08-25 09:37:42', NULL),
(20, 3, 1, 1, 1, 2, 50, '2022-08-25 09:38:51', '2022-08-29 06:58:12', '2022-08-29 06:58:12'),
(21, 11, 0, 1, 1, 2, 84, '2022-08-28 08:48:10', '2022-08-28 08:49:44', '2022-08-28 08:49:44'),
(22, 11, 1, 0, 0, 0, 1, '2022-08-28 08:48:42', '2022-08-28 08:48:58', '2022-08-28 08:48:58'),
(23, 11, 0, 1, 1, 2, 1, '2022-08-29 03:56:33', '2022-08-29 03:56:33', NULL);

-- --------------------------------------------------------

--
-- Table structure for table `option_option_values`
--

CREATE TABLE `option_option_values` (
  `id` bigint(20) UNSIGNED NOT NULL,
  `option_id` int(11) NOT NULL,
  `option_value_id` int(11) NOT NULL,
  `created_at` timestamp NOT NULL DEFAULT current_timestamp(),
  `updated_at` timestamp NULL DEFAULT NULL ON UPDATE current_timestamp(),
  `deleted_at` timestamp NULL DEFAULT NULL
) ENGINE=InnoDB DEFAULT CHARSET=utf8mb4 COLLATE=utf8mb4_unicode_ci;

--
-- Dumping data for table `option_option_values`
--

INSERT INTO `option_option_values` (`id`, `option_id`, `option_value_id`, `created_at`, `updated_at`, `deleted_at`) VALUES
(9, 2, 4, '2022-08-10 06:58:05', NULL, NULL),
(34, 1, 3, '2022-08-10 08:00:53', NULL, NULL),
(35, 1, 4, '2022-08-10 08:00:53', NULL, NULL),
(41, 4, 3, '2022-08-16 09:16:54', NULL, NULL),
(42, 3, 3, '2022-08-16 09:19:38', NULL, NULL),
(43, 3, 6, '2022-08-16 09:19:38', NULL, NULL),
(44, 5, 4, '2022-08-18 11:24:42', NULL, NULL),
(46, 7, 6, '2022-08-23 07:22:13', NULL, NULL),
(47, 6, 4, '2022-08-23 11:55:33', NULL, NULL),
(48, 8, 4, '2022-08-23 11:55:49', NULL, NULL),
(49, 9, 6, '2022-08-23 12:09:48', NULL, NULL),
(50, 10, 4, '2022-08-25 07:44:33', NULL, NULL),
(51, 11, 4, '2022-08-25 07:45:04', NULL, NULL),
(56, 16, 6, '2022-08-25 07:56:31', NULL, NULL),
(57, 17, 6, '2022-08-25 07:57:59', NULL, NULL),
(58, 18, 6, '2022-08-25 09:46:51', NULL, NULL),
(60, 20, 6, '2022-08-25 12:38:51', NULL, NULL),
(61, 15, 4, '2022-08-28 11:31:41', NULL, NULL),
(62, 14, 4, '2022-08-28 11:35:16', NULL, NULL),
(65, 13, 4, '2022-08-28 11:40:58', NULL, NULL),
(68, 12, 4, '2022-08-28 11:47:44', NULL, NULL),
(69, 21, 4, '2022-08-28 11:48:10', NULL, NULL),
(70, 21, 6, '2022-08-28 11:48:10', NULL, NULL),
(71, 22, 4, '2022-08-28 11:48:42', NULL, NULL),
(72, 23, 4, '2022-08-29 06:56:33', NULL, NULL),
(73, 19, 4, '2022-08-29 09:58:26', NULL, NULL),
(74, 19, 6, '2022-08-29 09:58:26', NULL, NULL),
(75, 19, 13, '2022-08-29 09:58:26', NULL, NULL);

-- --------------------------------------------------------

--
-- Table structure for table `option_translations`
--

CREATE TABLE `option_translations` (
  `id` bigint(20) UNSIGNED NOT NULL,
  `option_id` int(11) NOT NULL,
  `locale` varchar(191) COLLATE utf8mb4_unicode_ci NOT NULL,
  `name` varchar(191) COLLATE utf8mb4_unicode_ci NOT NULL,
  `created_at` timestamp NOT NULL DEFAULT current_timestamp(),
  `updated_at` timestamp NULL DEFAULT NULL ON UPDATE current_timestamp(),
  `deleted_at` timestamp NULL DEFAULT NULL
) ENGINE=InnoDB DEFAULT CHARSET=utf8mb4 COLLATE=utf8mb4_unicode_ci;

--
-- Dumping data for table `option_translations`
--

INSERT INTO `option_translations` (`id`, `option_id`, `locale`, `name`, `created_at`, `updated_at`, `deleted_at`) VALUES
(1, 1, 'en', 'mmm', '2022-08-10 02:51:29', '2022-08-10 02:51:29', NULL),
(2, 1, 'ar', 'المقبلات', '2022-08-10 02:51:29', '2022-08-10 02:51:29', NULL),
(3, 2, 'en', '1', '2022-08-10 03:58:05', '2022-08-10 03:58:05', NULL),
(4, 2, 'ar', '1', '2022-08-10 03:58:05', '2022-08-10 03:58:05', NULL),
(5, 3, 'en', 'Hector Castaneda', '2022-08-10 05:02:51', '2022-08-16 06:16:33', NULL),
(6, 3, 'ar', 'Hope Harrington', '2022-08-10 05:02:51', '2022-08-16 06:16:33', NULL),
(7, 4, 'en', 'Jamalia Miranda', '2022-08-16 06:16:54', '2022-08-16 06:16:54', NULL),
(8, 4, 'ar', 'Astra Ward', '2022-08-16 06:16:54', '2022-08-16 06:16:54', NULL),
(9, 5, 'en', 'more', '2022-08-18 08:24:42', '2022-08-18 08:24:42', NULL),
(10, 5, 'ar', 'المزيد', '2022-08-18 08:24:42', '2022-08-18 08:24:42', NULL),
(11, 6, 'en', 'Jamal Garza', '2022-08-23 04:17:06', '2022-08-23 04:17:06', NULL),
(12, 6, 'ar', 'مرحبا', '2022-08-23 04:17:06', '2022-08-23 04:17:06', NULL),
(13, 7, 'en', 'Venus Whitney', '2022-08-23 04:22:13', '2022-08-23 04:22:13', NULL),
(14, 7, 'ar', 'Emi House', '2022-08-23 04:22:13', '2022-08-23 04:22:13', NULL),
(15, 8, 'en', 'Amber Butler', '2022-08-23 08:55:49', '2022-08-23 08:55:49', NULL),
(16, 8, 'ar', 'Hope Byrd', '2022-08-23 08:55:49', '2022-08-23 08:55:49', NULL),
(17, 9, 'en', 'Malcolm Browning', '2022-08-23 09:09:48', '2022-08-23 09:09:48', NULL),
(18, 9, 'ar', 'Susan Shepherd', '2022-08-23 09:09:48', '2022-08-23 09:09:48', NULL),
(19, 10, 'en', 'Adria Suarez', '2022-08-25 04:44:33', '2022-08-25 04:44:33', NULL),
(20, 10, 'ar', 'Garth Hahn', '2022-08-25 04:44:33', '2022-08-25 04:44:33', NULL),
(21, 11, 'en', 'Pamela Valentine', '2022-08-25 04:45:04', '2022-08-25 04:45:04', NULL),
(22, 11, 'ar', 'Emma Glenn', '2022-08-25 04:45:04', '2022-08-25 04:45:04', NULL),
(23, 12, 'en', 'Stacy Roberson', '2022-08-25 04:49:30', '2022-08-25 04:49:30', NULL),
(24, 12, 'ar', 'Barbara Vance', '2022-08-25 04:49:30', '2022-08-25 04:49:30', NULL),
(25, 13, 'en', 'Kareem Klein', '2022-08-25 04:50:06', '2022-08-25 04:50:06', NULL),
(26, 13, 'ar', 'Zachary Townsend', '2022-08-25 04:50:06', '2022-08-25 04:50:06', NULL),
(27, 14, 'en', 'Ira Fisher', '2022-08-25 04:51:16', '2022-08-25 04:51:16', NULL),
(28, 14, 'ar', 'Ebony Durham', '2022-08-25 04:51:16', '2022-08-25 04:51:16', NULL),
(29, 15, 'en', 'Noel Smith', '2022-08-25 04:55:28', '2022-08-25 04:55:28', NULL),
(30, 15, 'ar', 'Tad Jones', '2022-08-25 04:55:28', '2022-08-25 04:55:28', NULL),
(31, 16, 'en', 'Yoko Hoover', '2022-08-25 04:56:31', '2022-08-25 04:56:31', NULL),
(32, 16, 'ar', 'Sonya Drake', '2022-08-25 04:56:31', '2022-08-25 04:56:31', NULL),
(33, 17, 'en', 'Deacon Rocha', '2022-08-25 04:57:59', '2022-08-25 04:57:59', NULL),
(34, 17, 'ar', 'Leila Roth', '2022-08-25 04:57:59', '2022-08-25 04:57:59', NULL),
(35, 18, 'en', 'Ivory Gentry', '2022-08-25 06:46:51', '2022-08-25 06:46:51', NULL),
(36, 18, 'ar', 'Lila Stafford', '2022-08-25 06:46:51', '2022-08-25 06:46:51', NULL),
(37, 19, 'en', 'Medge Robertson', '2022-08-25 09:37:42', '2022-08-25 09:37:42', NULL),
(38, 19, 'ar', 'Matthew Buckley', '2022-08-25 09:37:42', '2022-08-25 09:37:42', NULL),
(39, 20, 'en', 'Ivy Garrison', '2022-08-25 09:38:51', '2022-08-25 09:38:51', NULL),
(40, 20, 'ar', 'Lucy Frank', '2022-08-25 09:38:51', '2022-08-25 09:38:51', NULL),
(41, 21, 'en', 'Alec Hodges', '2022-08-28 08:48:10', '2022-08-28 08:48:10', NULL),
(42, 21, 'ar', 'Nicholas Hinton', '2022-08-28 08:48:10', '2022-08-28 08:48:10', NULL),
(43, 22, 'en', 'Gloria Farrell', '2022-08-28 08:48:42', '2022-08-28 08:48:42', NULL),
(44, 22, 'ar', 'Rahim Humphrey', '2022-08-28 08:48:42', '2022-08-28 08:48:42', NULL),
(45, 23, 'en', '2', '2022-08-29 03:56:33', '2022-08-29 03:56:33', NULL),
(46, 23, 'ar', '2', '2022-08-29 03:56:33', '2022-08-29 03:56:33', NULL);

-- --------------------------------------------------------

--
-- Table structure for table `option_values`
--

CREATE TABLE `option_values` (
  `id` bigint(20) UNSIGNED NOT NULL,
  `user_id` int(11) NOT NULL,
  `price` double DEFAULT 0,
  `created_at` timestamp NOT NULL DEFAULT current_timestamp(),
  `updated_at` timestamp NULL DEFAULT NULL ON UPDATE current_timestamp(),
  `deleted_at` timestamp NULL DEFAULT NULL
) ENGINE=InnoDB DEFAULT CHARSET=utf8mb4 COLLATE=utf8mb4_unicode_ci;

--
-- Dumping data for table `option_values`
--

INSERT INTO `option_values` (`id`, `user_id`, `price`, `created_at`, `updated_at`, `deleted_at`) VALUES
(3, 4, 10, '2022-08-09 06:42:55', '2022-08-23 04:43:43', NULL),
(4, 3, NULL, '2022-08-09 06:43:18', '2022-08-22 02:27:14', NULL),
(5, 1, 3, '2022-08-09 06:43:18', '2022-08-15 08:12:57', '2022-08-15 08:12:57'),
(6, 3, 1000, '2022-08-15 08:12:43', '2022-08-21 04:50:16', NULL),
(7, 0, 553, '2022-08-22 02:32:57', '2022-08-22 02:33:12', '2022-08-22 02:33:12'),
(8, 3, 496, '2022-08-23 04:44:58', '2022-08-23 04:45:06', '2022-08-23 04:45:06'),
(9, 4, 803, '2022-08-23 09:09:02', '2022-08-23 09:09:02', NULL),
(10, 4, 433, '2022-08-23 09:23:44', '2022-08-23 09:23:44', NULL),
(11, 4, 672, '2022-08-25 04:10:45', '2022-08-29 03:57:30', NULL),
(12, 5, NULL, '2022-08-25 05:17:23', '2022-08-29 03:57:16', NULL),
(13, 3, 2, '2022-08-25 05:17:37', '2022-08-29 03:58:00', NULL),
(14, 3, NULL, '2022-08-25 05:19:06', '2022-08-25 05:19:32', '2022-08-25 05:19:32');

-- --------------------------------------------------------

--
-- Table structure for table `option_value_translations`
--

CREATE TABLE `option_value_translations` (
  `id` bigint(20) UNSIGNED NOT NULL,
  `option_value_id` int(11) NOT NULL,
  `locale` varchar(191) COLLATE utf8mb4_unicode_ci NOT NULL,
  `name` varchar(191) COLLATE utf8mb4_unicode_ci DEFAULT NULL,
  `created_at` timestamp NOT NULL DEFAULT current_timestamp(),
  `updated_at` timestamp NULL DEFAULT NULL ON UPDATE current_timestamp(),
  `deleted_at` timestamp NULL DEFAULT NULL
) ENGINE=InnoDB DEFAULT CHARSET=utf8mb4 COLLATE=utf8mb4_unicode_ci;

--
-- Dumping data for table `option_value_translations`
--

INSERT INTO `option_value_translations` (`id`, `option_value_id`, `locale`, `name`, `created_at`, `updated_at`, `deleted_at`) VALUES
(3, 3, 'en', 'botato', '2022-08-09 06:42:55', '2022-08-09 06:42:55', NULL),
(4, 3, 'ar', 'بطاطا', '2022-08-09 06:42:55', '2022-08-09 06:42:55', NULL),
(5, 4, 'en', 'mionaz', '2022-08-09 06:43:18', '2022-08-09 06:43:18', NULL),
(6, 4, 'ar', 'مايونيز', '2022-08-09 06:43:18', '2022-08-09 06:43:18', NULL),
(7, 6, 'en', 'ss', '2022-08-15 08:12:43', '2022-08-22 02:31:29', NULL),
(8, 6, 'ar', 'sss', '2022-08-15 08:12:43', '2022-08-22 02:31:29', NULL),
(9, 7, 'en', 'Vance Woodard', '2022-08-22 02:32:57', '2022-08-22 02:32:57', NULL),
(10, 7, 'ar', 'Tate Guthrie', '2022-08-22 02:32:57', '2022-08-22 02:32:57', NULL),
(11, 8, 'en', 'Basia Dotson', '2022-08-23 04:44:58', '2022-08-23 04:44:58', NULL),
(12, 8, 'ar', 'Maite Fry', '2022-08-23 04:44:58', '2022-08-23 04:44:58', NULL),
(13, 9, 'en', 'Carlos Hawkins', '2022-08-23 09:09:02', '2022-08-23 09:09:02', NULL),
(14, 9, 'ar', 'Sandra Bruce', '2022-08-23 09:09:02', '2022-08-23 09:09:02', NULL),
(15, 10, 'en', 'Tyler Morris', '2022-08-23 09:23:44', '2022-08-23 09:23:44', NULL),
(16, 10, 'ar', 'Azalia Davidson', '2022-08-23 09:23:44', '2022-08-23 09:23:44', NULL),
(17, 11, 'en', 'Brendan Melendez', '2022-08-25 04:10:45', '2022-08-25 04:10:45', NULL),
(18, 11, 'ar', 'Erasmus Espinoza', '2022-08-25 04:10:45', '2022-08-25 04:10:45', NULL),
(19, 12, 'en', 'd', '2022-08-25 05:17:23', '2022-08-25 05:17:23', NULL),
(20, 12, 'ar', 's', '2022-08-25 05:17:23', '2022-08-25 05:17:23', NULL),
(21, 13, 'en', 'q', '2022-08-25 05:17:37', '2022-08-25 05:17:37', NULL),
(22, 13, 'ar', 'q', '2022-08-25 05:17:37', '2022-08-25 05:17:37', NULL),
(23, 14, 'en', 's', '2022-08-25 05:19:06', '2022-08-25 05:19:24', NULL),
(24, 14, 'ar', 's', '2022-08-25 05:19:06', '2022-08-25 05:19:24', NULL);

-- --------------------------------------------------------

--
-- Table structure for table `orders`
--

CREATE TABLE `orders` (
  `id` bigint(20) UNSIGNED NOT NULL,
  `user_id` int(11) NOT NULL DEFAULT 0,
  `provider_id` int(11) NOT NULL DEFAULT 0,
  `fcm_token` varchar(191) COLLATE utf8mb4_unicode_ci DEFAULT NULL,
  `total` double NOT NULL,
  `sub_total` double NOT NULL,
  `discount` double NOT NULL DEFAULT 0,
  `promo_code_id` int(11) DEFAULT NULL,
  `promo_code_name` varchar(191) COLLATE utf8mb4_unicode_ci DEFAULT NULL,
  `promo_code_amount` double DEFAULT NULL,
  `promo_code_type` double DEFAULT NULL COMMENT '0->percentage , 1->amount',
  `customer_name` varchar(191) COLLATE utf8mb4_unicode_ci NOT NULL,
  `customer_email` varchar(191) COLLATE utf8mb4_unicode_ci NOT NULL,
  `customer_mobile` varchar(191) COLLATE utf8mb4_unicode_ci NOT NULL,
  `payment_method` int(11) NOT NULL COMMENT '1-> online , 2-> cache_on_pickup',
  `payment_status` int(11) NOT NULL DEFAULT 0 COMMENT ' 0->no , 1 ->yes ,2->refund',
  `payment_ref` varchar(191) COLLATE utf8mb4_unicode_ci DEFAULT NULL,
  `transaction_id` varchar(255) COLLATE utf8mb4_unicode_ci DEFAULT NULL,
  `payment_json` text COLLATE utf8mb4_unicode_ci DEFAULT NULL,
  `payment_check_response` text COLLATE utf8mb4_unicode_ci DEFAULT NULL,
  `payment_id` text COLLATE utf8mb4_unicode_ci DEFAULT NULL,
  `order_date` date NOT NULL,
  `status` enum('1','2','3','4','5') COLLATE utf8mb4_unicode_ci NOT NULL COMMENT '1->confirmed, 2-> under_preparing , 3->ready_for_pickup , 4->completed , 5->canceled',
  `refuse_comment` varchar(191) COLLATE utf8mb4_unicode_ci DEFAULT NULL,
  `created_at` timestamp NOT NULL DEFAULT current_timestamp(),
  `updated_at` timestamp NULL DEFAULT NULL ON UPDATE current_timestamp(),
  `deleted_at` timestamp NULL DEFAULT NULL
) ENGINE=InnoDB DEFAULT CHARSET=utf8mb4 COLLATE=utf8mb4_unicode_ci;

--
-- Dumping data for table `orders`
--

INSERT INTO `orders` (`id`, `user_id`, `provider_id`, `fcm_token`, `total`, `sub_total`, `discount`, `promo_code_id`, `promo_code_name`, `promo_code_amount`, `promo_code_type`, `customer_name`, `customer_email`, `customer_mobile`, `payment_method`, `payment_status`, `payment_ref`, `transaction_id`, `payment_json`, `payment_check_response`, `payment_id`, `order_date`, `status`, `refuse_comment`, `created_at`, `updated_at`, `deleted_at`) VALUES
(1, 0, 12, '123', 225.9, 251, 25.1, 3, 'hexa', 10, NULL, 'mahmoud', '', '1234567890', 2, 0, NULL, NULL, NULL, NULL, NULL, '2022-08-14', '1', NULL, '2022-08-14 08:02:26', '2022-08-23 06:59:46', NULL),
(2, 0, 12, '123', 225.9, 251, 25.1, 3, 'hexa', 10, NULL, 'mahmoud', '', '1234567890', 2, 0, NULL, NULL, NULL, NULL, NULL, '2022-08-14', '5', NULL, '2022-08-14 08:04:10', '2022-08-16 05:57:40', '2022-08-16 05:57:40'),
(3, 0, 12, '123', 225.9, 251, 25.1, 3, 'hexa', 10, 0, 'mahmoud', '', '1234567890', 1, 0, NULL, NULL, NULL, NULL, NULL, '2022-08-14', '1', NULL, '2022-08-14 08:18:19', '2022-08-16 05:57:31', '2022-08-16 05:57:31'),
(4, 0, 12, '123', 225.9, 251, 25.1, 3, 'hexa', 10, 0, 'mahmoud', '', '1234567890', 1, 0, NULL, NULL, NULL, NULL, NULL, '2022-08-14', '1', NULL, '2022-08-14 08:18:24', '2022-08-16 05:57:31', '2022-08-16 05:57:31'),
(5, 0, 12, '123', 225.9, 251, 25.1, 3, 'hexa', 10, 0, 'mahmoud', '', '1234567890', 1, 0, NULL, NULL, NULL, NULL, NULL, '2022-08-14', '1', NULL, '2022-08-14 08:19:40', '2022-08-16 05:57:31', '2022-08-16 05:57:31'),
(6, 0, 12, '123', 225.9, 251, 25.1, 3, 'hexa', 10, 0, 'mahmoud', '', '1234567890', 1, 0, NULL, NULL, NULL, NULL, NULL, '2022-08-14', '1', NULL, '2022-08-14 08:22:20', '2022-08-16 05:57:31', '2022-08-16 05:57:31'),
(7, 0, 12, '123', 225.9, 251, 25.1, 3, 'hexa', 10, 0, 'mahmoud', '', '1234567890', 1, 0, NULL, NULL, NULL, NULL, NULL, '2022-08-14', '1', NULL, '2022-08-14 08:25:57', '2022-08-16 05:57:31', '2022-08-16 05:57:31'),
(8, 0, 12, '123', 251, 251, 0, NULL, NULL, NULL, NULL, 'mahmoud', '', '1234567890', 1, 0, NULL, NULL, NULL, NULL, NULL, '2022-08-15', '1', NULL, '2022-08-15 02:35:12', '2022-08-16 05:57:31', '2022-08-16 05:57:31'),
(9, 0, 12, '123', 251, 251, 0, NULL, NULL, NULL, NULL, 'mahmoud', '', '1234567890', 1, 0, NULL, NULL, NULL, NULL, NULL, '2022-08-15', '1', NULL, '2022-08-15 02:36:42', '2022-08-16 05:57:31', '2022-08-16 05:57:31'),
(10, 0, 12, '123', 251, 251, 0, NULL, NULL, NULL, NULL, 'mahmoud', '', '1234567890', 1, 0, NULL, NULL, NULL, NULL, NULL, '2022-08-15', '5', NULL, '2022-08-15 02:37:36', '2022-08-16 05:57:31', '2022-08-16 05:57:31'),
(11, 0, 12, '123', 251, 251, 0, NULL, NULL, NULL, NULL, 'mahmoud', '', '1234567890', 1, 0, NULL, NULL, NULL, NULL, NULL, '2022-08-15', '1', NULL, '2022-08-15 02:39:04', '2022-08-16 05:57:31', '2022-08-16 05:57:31'),
(12, 0, 12, '123', 225.9, 251, 25.1, 3, 'hexa', 10, 0, 'mahmoud', '', '1234567890', 1, 0, NULL, NULL, NULL, NULL, NULL, '2022-08-15', '1', NULL, '2022-08-15 02:41:50', '2022-08-16 05:57:31', '2022-08-16 05:57:31'),
(13, 0, 12, '123', 225.9, 251, 25.1, 3, 'hexa', 10, 0, 'mahmoud', '', '1234567890', 1, 0, NULL, NULL, NULL, NULL, NULL, '2022-08-15', '1', NULL, '2022-08-15 02:42:09', '2022-08-16 05:57:31', '2022-08-16 05:57:31'),
(14, 0, 12, '123', 225.9, 251, 25.1, 3, 'hexa', 10, 0, 'mahmoud', '', '1234567890', 1, 0, NULL, NULL, NULL, NULL, NULL, '2022-08-15', '4', NULL, '2022-08-15 04:52:49', '2022-08-16 05:57:31', '2022-08-16 05:57:31'),
(15, 0, 12, '123', 225.9, 251, 25.1, 3, 'hexa', 10, 0, 'mahmoud', '', '1234567890', 1, 0, NULL, NULL, NULL, NULL, NULL, '2022-08-16', '1', NULL, '2022-08-16 05:58:29', '2022-08-16 06:02:03', '2022-08-16 06:02:03'),
(16, 0, 12, '123', 225.9, 251, 25.1, 3, 'hexa', 10, 0, 'mahmoud', '', '1234567890', 1, 0, NULL, NULL, NULL, NULL, NULL, '2022-08-16', '1', NULL, '2022-08-16 06:02:12', '2022-08-16 06:04:45', '2022-08-16 06:04:45'),
(17, 0, 3, '123', 225.9, 251, 25.1, 3, 'hexa', 10, 0, 'mahmoud', '', '1234567890', 1, 0, NULL, NULL, NULL, NULL, NULL, '2022-08-16', '1', NULL, '2022-08-16 06:04:49', '2022-08-22 03:58:13', NULL),
(18, 11, 4, '123', 225.9, 251, 25.1, 3, 'hexa', 10, 0, 'Mahmoud Omar', 'b@b.com', '12345578', 1, 0, NULL, NULL, NULL, NULL, NULL, '2022-08-16', '2', NULL, '2022-08-16 06:08:59', '2022-08-28 08:55:52', NULL),
(19, 11, 4, '123', 225.9, 251, 25.1, 3, 'hexa', 10, 0, 'Mahmoud Omar', 'b@b.com', '12345578', 1, 0, NULL, NULL, NULL, NULL, NULL, '2022-08-16', '4', NULL, '2022-08-16 06:11:32', '2022-08-21 09:39:37', NULL),
(20, 11, 3, '123', 240.3, 267, 26.7, 3, 'hexa', 10, 0, 'Mahmoud Omar', 'b@b.com', '12345578', 1, 0, NULL, NULL, NULL, NULL, NULL, '2022-08-16', '5', NULL, '2022-08-16 06:19:59', '2022-08-22 06:40:18', NULL),
(21, 11, 3, '123', 30, 30, 0, NULL, NULL, NULL, NULL, 'Mahmoud Omar', 'b@b.com', '12345578', 1, 0, NULL, NULL, NULL, NULL, NULL, '2022-08-18', '4', NULL, '2022-08-18 05:06:34', '2022-08-22 10:39:43', NULL),
(22, 11, 3, '123', 30, 30, 0, NULL, NULL, NULL, NULL, 'Mahmoud Omar', 'b@b.com', '12345578', 1, 0, NULL, NULL, NULL, NULL, NULL, '2022-08-18', '4', NULL, '2022-08-18 05:08:03', '2022-08-22 10:39:45', NULL),
(23, 11, 4, '123', 913, 913, 0, NULL, NULL, NULL, NULL, 'Mahmoud Omar', 'b@b.com', '12345578', 1, 0, NULL, NULL, NULL, NULL, NULL, '2022-08-18', '4', NULL, '2022-08-18 05:30:14', '2022-08-22 10:39:47', NULL),
(24, 11, 3, '123', 14, 14, 0, NULL, NULL, NULL, NULL, 'Mahmoud Omar', 'b@b.com', '12345578', 1, 0, NULL, NULL, NULL, NULL, NULL, '2022-08-18', '4', NULL, '2022-08-18 07:04:19', '2022-08-22 10:39:50', NULL),
(25, 11, 4, '123', 14, 14, 0, NULL, NULL, NULL, NULL, 'Mahmoud Omar', 'b@b.com', '12345578', 1, 0, NULL, NULL, NULL, NULL, NULL, '2022-08-18', '5', NULL, '2022-08-18 07:07:12', '2022-08-22 10:39:53', NULL),
(26, 11, 4, '123', 19, 19, 0, NULL, NULL, NULL, NULL, 'Mahmoud Omar', 'b@b.com', '12345578', 1, 0, NULL, NULL, NULL, NULL, NULL, '2022-08-18', '1', NULL, '2022-08-18 07:09:18', '2022-08-22 10:39:55', NULL),
(27, 11, 4, '123', 19, 19, 0, NULL, NULL, NULL, NULL, 'Mahmoud Omar', 'b@b.com', '12345578', 1, 0, NULL, NULL, NULL, NULL, NULL, '2022-08-18', '4', NULL, '2022-08-18 07:09:58', '2022-08-22 10:39:58', NULL),
(28, 0, 3, '123', 30, 30, 0, NULL, NULL, NULL, NULL, 'mahmoud', '', '1234567890', 1, 0, NULL, NULL, NULL, NULL, NULL, '2022-08-18', '2', NULL, '2022-08-18 09:51:17', '2022-08-23 06:06:51', NULL),
(29, 11, 4, '123', 30, 30, 0, NULL, NULL, NULL, NULL, 'Mahmoud Omar', 'b@b.com', '12345578', 1, 0, NULL, NULL, NULL, NULL, NULL, '2022-08-18', '1', NULL, '2022-08-18 09:52:01', '2022-08-23 09:35:05', NULL),
(30, 11, 3, '123', 30, 30, 0, NULL, NULL, NULL, NULL, 'Mahmoud Omar', 'b@b.com', '12345578', 1, 0, NULL, NULL, NULL, NULL, NULL, '2022-08-21', '4', NULL, '2022-08-21 06:47:57', '2022-08-22 11:01:00', NULL),
(31, 0, 3, '123', 27, 30, 3, 3, 'hexa', 10, 0, 'mahmoud', '', '1234567890', 1, 0, NULL, NULL, NULL, NULL, NULL, '2022-08-24', '1', NULL, '2022-08-24 08:37:58', '2022-08-24 08:37:58', NULL),
(32, 0, 3, '123', 27, 30, 3, 3, 'hexa', 10, 0, 'mahmoud', '', '1234567890', 1, 0, NULL, NULL, NULL, NULL, NULL, '2022-08-24', '1', NULL, '2022-08-24 08:38:23', '2022-08-24 08:38:23', NULL),
(33, 0, 3, '123', 27, 30, 3, 3, 'hexa', 10, 0, 'mahmoud', '', '1234567890', 1, 0, NULL, NULL, NULL, NULL, NULL, '2022-08-24', '1', NULL, '2022-08-24 08:39:11', '2022-08-24 08:39:11', NULL),
(34, 0, 3, '123', 702.9, 781, 78.1, 3, 'hexa', 10, 0, 'mahmoud', '', '1234567890', 1, 0, NULL, NULL, NULL, NULL, NULL, '2022-08-24', '1', NULL, '2022-08-24 08:44:07', '2022-08-24 08:44:07', NULL),
(35, 0, 3, '123', 702.9, 781, 78.1, 3, 'hexa', 10, 0, 'mahmoud', '', '1234567890', 1, 0, NULL, NULL, NULL, NULL, NULL, '2022-08-24', '1', NULL, '2022-08-24 08:55:44', '2022-08-24 08:55:44', NULL),
(36, 0, 3, '123', 702.9, 781, 78.1, 3, 'hexa', 10, 0, 'mahmoud', '', '1234567890', 1, 0, NULL, NULL, NULL, NULL, NULL, '2022-08-24', '1', NULL, '2022-08-24 09:00:09', '2022-08-24 09:00:09', NULL),
(37, 0, 3, '123', 702.9, 781, 78.1, 3, 'hexa', 10, 0, 'mahmoud', '', '1234567890', 1, 0, NULL, NULL, NULL, NULL, NULL, '2022-08-24', '1', NULL, '2022-08-24 09:00:50', '2022-08-24 09:00:50', NULL),
(38, 0, 3, '123', 702.9, 781, 78.1, 3, 'hexa', 10, 0, 'mahmoud', '', '1234567890', 1, 0, NULL, NULL, NULL, NULL, NULL, '2022-08-24', '1', NULL, '2022-08-24 09:01:07', '2022-08-24 09:01:07', NULL),
(39, 0, 3, '123', 702.9, 781, 78.1, 3, 'hexa', 10, 0, 'mahmoud', '', '1234567890', 1, 0, NULL, NULL, NULL, NULL, NULL, '2022-08-24', '1', NULL, '2022-08-24 09:04:19', '2022-08-24 09:04:19', NULL),
(40, 0, 3, '123', 702.9, 781, 78.1, 3, 'hexa', 10, 0, 'mahmoud', '', '1234567890', 1, 0, NULL, NULL, NULL, NULL, NULL, '2022-08-24', '1', NULL, '2022-08-24 09:27:28', '2022-08-24 09:27:28', NULL),
(41, 0, 3, '123', 702.9, 781, 78.1, 3, 'hexa', 10, 0, 'mahmoud', '', '1234567890', 1, 0, NULL, NULL, NULL, NULL, NULL, '2022-08-24', '1', NULL, '2022-08-24 09:28:29', '2022-08-24 09:28:29', NULL),
(42, 0, 3, '123', 702.9, 781, 78.1, 3, 'hexa', 10, 0, 'mahmoud', '', '1234567890', 1, 0, NULL, NULL, NULL, NULL, NULL, '2022-08-24', '5', NULL, '2022-08-24 09:32:33', '2022-08-25 03:24:08', NULL),
(43, 0, 3, '123', 702.9, 781, 78.1, 3, 'hexa', 10, 0, 'mahmoud', '', '1234567890', 1, 0, NULL, NULL, NULL, NULL, NULL, '2022-08-24', '2', NULL, '2022-08-24 09:37:14', '2022-08-25 05:25:58', NULL),
(44, 0, 3, '123', 702.9, 781, 78.1, 3, 'hexa', 10, 0, 'mahmoud', '', '1234567890', 1, 0, NULL, NULL, NULL, NULL, NULL, '2022-08-24', '1', NULL, '2022-08-24 10:02:38', '2022-08-24 10:02:38', NULL),
(45, 0, 3, '123', 702.9, 781, 78.1, 3, 'hexa', 10, 0, 'mahmoud', '', '1234567890', 1, 0, NULL, NULL, NULL, NULL, NULL, '2022-08-24', '5', NULL, '2022-08-24 10:03:01', '2022-08-25 03:23:13', NULL),
(46, 0, 3, '123', 27, 30, 3, 3, 'hexa', 10, 0, 'mahmoud', '', '1234567890', 1, 0, NULL, NULL, NULL, NULL, NULL, '2022-08-25', '1', NULL, '2022-08-25 02:59:37', '2022-08-25 02:59:37', NULL),
(47, 0, 3, '123', 27, 30, 3, 3, 'hexa', 10, 0, 'mahmoud', '', '1234567890', 1, 0, NULL, NULL, NULL, NULL, NULL, '2022-08-25', '1', NULL, '2022-08-25 03:02:03', '2022-08-25 03:02:03', NULL),
(48, 0, 3, '123', 27, 30, 3, 3, 'hexa', 10, 0, 'mahmoud', '', '1234567890', 1, 0, NULL, NULL, NULL, NULL, NULL, '2022-08-25', '3', NULL, '2022-08-25 03:08:09', '2022-08-28 07:05:00', NULL),
(49, 0, 3, '123', 27, 30, 3, 3, 'hexa', 10, 0, 'mahmoud', '', '1234567890', 1, 0, NULL, NULL, NULL, NULL, NULL, '2022-08-25', '5', NULL, '2022-08-25 03:09:07', '2022-08-28 06:44:45', NULL),
(50, 0, 3, '123', 27, 30, 3, 3, 'hexa', 10, 0, 'mahmoud', '', '1234567890', 1, 0, NULL, NULL, NULL, NULL, NULL, '2022-08-25', '4', NULL, '2022-08-25 03:10:39', '2022-08-25 03:23:06', NULL),
(51, 0, 3, '123', 27, 30, 3, 3, 'hexa', 10, 0, 'mahmoud', '', '1234567890', 1, 0, NULL, NULL, NULL, NULL, NULL, '2022-08-25', '4', NULL, '2022-08-25 03:10:57', '2022-08-25 03:23:00', NULL),
(52, 0, 3, '123', 27, 30, 3, 3, 'hexa', 10, 0, 'mahmoud', '', '1234567890', 1, 0, NULL, NULL, NULL, NULL, NULL, '2022-08-25', '1', NULL, '2022-08-25 03:17:54', '2022-08-25 09:11:30', NULL),
(53, 0, 3, '123', 27, 30, 3, 3, 'hexa', 10, 0, 'mahmoud', '', '1234567890', 1, 0, NULL, NULL, NULL, NULL, NULL, '2022-08-25', '4', NULL, '2022-08-25 03:18:57', '2022-08-25 03:22:54', NULL),
(54, 0, 4, '123', 803, 803, 0, NULL, NULL, NULL, NULL, 'mahmoud', '', '1234567890', 1, 0, NULL, NULL, NULL, NULL, NULL, '2022-08-28', '1', NULL, '2022-08-28 03:05:07', '2022-08-28 03:05:07', NULL),
(55, 0, 4, '123', 803, 803, 0, NULL, NULL, NULL, NULL, 'mahmoud', '', '1234567890', 1, 0, NULL, NULL, NULL, NULL, NULL, '2022-08-28', '1', NULL, '2022-08-28 03:05:52', '2022-08-28 03:05:52', NULL),
(56, 0, 4, '123', 803, 803, 0, NULL, NULL, NULL, NULL, 'mahmoud', '', '1234567890', 1, 0, NULL, NULL, NULL, NULL, NULL, '2022-08-28', '1', NULL, '2022-08-28 03:10:55', '2022-08-28 03:10:55', NULL),
(57, 0, 4, '123', 803, 803, 0, NULL, NULL, NULL, NULL, 'mahmoud', '', '1234567890', 1, 0, NULL, NULL, NULL, NULL, NULL, '2022-08-28', '1', NULL, '2022-08-28 03:12:10', '2022-08-28 03:12:10', NULL),
(58, 0, 4, '123', 803, 803, 0, NULL, NULL, NULL, NULL, 'mahmoud', '', '1234567890', 1, 0, NULL, NULL, NULL, NULL, NULL, '2022-08-28', '1', NULL, '2022-08-28 03:13:11', '2022-08-28 03:13:11', NULL),
(59, 0, 4, '123', 803, 803, 0, NULL, NULL, NULL, NULL, 'mahmoud', '', '1234567890', 1, 0, NULL, '1632136', '{\"IsSuccess\":true,\"Message\":\"Invoice Created Successfully!\",\"ValidationErrors\":null,\"Data\":{\"InvoiceId\":1632136,\"IsDirectPayment\":false,\"PaymentURL\":\"https:\\/\\/demo.MyFatoorah.com\\/En\\/KWT\\/PayInvoice\\/Checkout?invoiceKey=01072163213640&paymentGatewayId=2', NULL, NULL, '2022-08-28', '1', NULL, '2022-08-28 03:13:36', '2022-08-28 03:13:36', NULL),
(60, 0, 4, '123', 803, 803, 0, NULL, NULL, NULL, NULL, 'mahmoud', '', '1234567890', 1, 0, NULL, '1632137', '{\"IsSuccess\":true,\"Message\":\"Invoice Created Successfully!\",\"ValidationErrors\":null,\"Data\":{\"InvoiceId\":1632137,\"IsDirectPayment\":false,\"PaymentURL\":\"https:\\/\\/demo.MyFatoorah.com\\/En\\/KWT\\/PayInvoice\\/Checkout?invoiceKey=01072163213740&paymentGatewayId=2', NULL, NULL, '2022-08-28', '1', NULL, '2022-08-28 03:14:33', '2022-08-28 03:14:34', NULL),
(61, 0, 4, '123', 803, 803, 0, NULL, NULL, NULL, NULL, 'mahmoud', '', '1234567890', 1, 0, NULL, '1632226', '{\"IsSuccess\":true,\"Message\":\"Invoice Created Successfully!\",\"ValidationErrors\":null,\"Data\":{\"InvoiceId\":1632226,\"IsDirectPayment\":false,\"PaymentURL\":\"https:\\/\\/demo.MyFatoorah.com\\/En\\/KWT\\/PayInvoice\\/Checkout?invoiceKey=01072163222640&paymentGatewayId=2', NULL, NULL, '2022-08-28', '1', NULL, '2022-08-28 04:24:48', '2022-08-28 04:24:48', NULL),
(62, 0, 4, '123', 803, 803, 0, NULL, NULL, NULL, NULL, 'mahmoud', '', '1234567890', 1, 0, NULL, NULL, NULL, NULL, NULL, '2022-08-28', '1', NULL, '2022-08-28 04:45:16', '2022-08-28 04:45:16', NULL),
(63, 0, 4, '123', 803, 803, 0, NULL, NULL, NULL, NULL, 'mahmoud', '', '1234567890', 1, 0, NULL, '1632254', '{\"IsSuccess\":true,\"Message\":\"Invoice Created Successfully!\",\"ValidationErrors\":null,\"Data\":{\"InvoiceId\":1632254,\"IsDirectPayment\":false,\"PaymentURL\":\"https:\\/\\/demo.MyFatoorah.com\\/En\\/KWT\\/PayInvoice\\/Checkout?invoiceKey=01072163225440&paymentGatewayId=2', NULL, NULL, '2022-08-28', '1', NULL, '2022-08-28 04:45:51', '2022-08-28 04:45:51', NULL),
(64, 0, 4, '123', 803, 803, 0, NULL, NULL, NULL, NULL, 'mahmoud', '', '1234567890', 1, 0, NULL, NULL, NULL, NULL, NULL, '2022-08-28', '1', NULL, '2022-08-28 04:47:45', '2022-08-28 04:47:45', NULL),
(65, 0, 4, '123', 803, 803, 0, NULL, NULL, NULL, NULL, 'mahmoud', '', '1234567890', 1, 0, NULL, NULL, NULL, NULL, NULL, '2022-08-28', '1', NULL, '2022-08-28 04:49:52', '2022-08-28 04:49:52', NULL),
(66, 0, 4, '123', 803, 803, 0, NULL, NULL, NULL, NULL, 'mahmoud', '', '1234567890', 1, 0, NULL, '1632264', '{\"IsSuccess\":true,\"Message\":\"Invoice Created Successfully!\",\"ValidationErrors\":null,\"Data\":{\"InvoiceId\":1632264,\"IsDirectPayment\":false,\"PaymentURL\":\"https:\\/\\/demo.MyFatoorah.com\\/En\\/KWT\\/PayInvoice\\/Checkout?invoiceKey=01072163226441&paymentGatewayId=2', NULL, NULL, '2022-08-28', '1', NULL, '2022-08-28 04:52:14', '2022-08-28 04:52:14', NULL),
(67, 0, 4, '123', 803, 803, 0, NULL, NULL, NULL, NULL, 'mahmoud', '', '1234567890', 1, 0, NULL, '1632265', '{\"IsSuccess\":true,\"Message\":\"Invoice Created Successfully!\",\"ValidationErrors\":null,\"Data\":{\"InvoiceId\":1632265,\"IsDirectPayment\":false,\"PaymentURL\":\"https:\\/\\/demo.MyFatoorah.com\\/En\\/KWT\\/PayInvoice\\/Checkout?invoiceKey=01072163226541&paymentGatewayId=2', NULL, NULL, '2022-08-28', '1', NULL, '2022-08-28 04:53:10', '2022-08-28 04:53:10', NULL),
(68, 0, 4, '123', 803, 803, 0, NULL, NULL, NULL, NULL, 'mahmoud', '', '1234567890', 1, 1, NULL, '1632276', '{\"IsSuccess\":true,\"Message\":\"Invoice Created Successfully!\",\"ValidationErrors\":null,\"Data\":{\"InvoiceId\":1632276,\"IsDirectPayment\":false,\"PaymentURL\":\"https:\\/\\/demo.MyFatoorah.com\\/En\\/KWT\\/PayInvoice\\/Checkout?invoiceKey=01072163227641&paymentGatewayId=20\",\"CustomerReference\":\"68\",\"UserDefinedField\":null,\"RecurringId\":\"\"}}', '{\"IsSuccess\":true,\"Message\":\"\",\"ValidationErrors\":null,\"Data\":{\"InvoiceId\":1632276,\"InvoiceStatus\":\"Paid\",\"InvoiceReference\":\"2022197946\",\"CustomerReference\":\"68\",\"CreatedDate\":\"2022-08-28T11:04:02.283\",\"ExpiryDate\":\"August 31, 2022\",\"ExpiryTime\":\"11:04:02.283\",\"InvoiceValue\":803,\"Comments\":null,\"CustomerName\":\"Anonymous\",\"CustomerMobile\":\"+965\",\"CustomerEmail\":null,\"UserDefinedField\":null,\"InvoiceDisplayValue\":\"803.000 KD\",\"DepositStatus\":\"None\",\"InvoiceItems\":[],\"InvoiceTransactions\":[{\"TransactionDate\":\"2022-08-28T11:04:37.3433333\",\"PaymentGateway\":\"KNET\",\"ReferenceId\":\"224010000354\",\"TrackId\":\"28-08-2022_1244245\",\"TransactionId\":\"202224063063118\",\"PaymentId\":\"100202224063073838\",\"AuthorizationId\":\"B13485\",\"TransactionStatus\":\"Succss\",\"TransationValue\":\"803.000\",\"CustomerServiceCharge\":\"0.000\",\"DueValue\":\"803.000\",\"PaidCurrency\":\"KD\",\"PaidCurrencyValue\":\"803.000\",\"IpAddress\":\"51.158.235.103\",\"Country\":\"Netherlands\",\"Currency\":\"KD\",\"Error\":null,\"CardNumber\":null,\"ErrorCode\":\"\"}],\"Suppliers\":[{\"SupplierCode\":1,\"SupplierName\":\"new supplier\",\"InvoiceShare\":797.25,\"ProposedShare\":null,\"DepositShare\":797.25}]}}', '100202224063073838', '2022-08-28', '1', NULL, '2022-08-28 05:04:01', '2022-08-28 05:04:37', NULL),
(69, 0, 4, '123', 803, 803, 0, NULL, NULL, NULL, NULL, 'mahmoud', '', '1234567890', 1, 1, NULL, '1632279', '{\"IsSuccess\":true,\"Message\":\"Invoice Created Successfully!\",\"ValidationErrors\":null,\"Data\":{\"InvoiceId\":1632279,\"IsDirectPayment\":false,\"PaymentURL\":\"https:\\/\\/demo.MyFatoorah.com\\/En\\/KWT\\/PayInvoice\\/Checkout?invoiceKey=01072163227941&paymentGatewayId=20\",\"CustomerReference\":\"69\",\"UserDefinedField\":null,\"RecurringId\":\"\"}}', '{\"IsSuccess\":true,\"Message\":\"\",\"ValidationErrors\":null,\"Data\":{\"InvoiceId\":1632279,\"InvoiceStatus\":\"Paid\",\"InvoiceReference\":\"2022197949\",\"CustomerReference\":\"69\",\"CreatedDate\":\"2022-08-28T11:06:22.343\",\"ExpiryDate\":\"August 31, 2022\",\"ExpiryTime\":\"11:06:22.343\",\"InvoiceValue\":803,\"Comments\":null,\"CustomerName\":\"Anonymous\",\"CustomerMobile\":\"+965\",\"CustomerEmail\":null,\"UserDefinedField\":null,\"InvoiceDisplayValue\":\"803.000 KD\",\"DepositStatus\":\"None\",\"InvoiceItems\":[],\"InvoiceTransactions\":[{\"TransactionDate\":\"2022-08-28T11:06:50.66\",\"PaymentGateway\":\"KNET\",\"ReferenceId\":\"224010000359\",\"TrackId\":\"28-08-2022_1244246\",\"TransactionId\":\"202224062996253\",\"PaymentId\":\"100202224063005252\",\"AuthorizationId\":\"B13699\",\"TransactionStatus\":\"Succss\",\"TransationValue\":\"803.000\",\"CustomerServiceCharge\":\"0.000\",\"DueValue\":\"803.000\",\"PaidCurrency\":\"KD\",\"PaidCurrencyValue\":\"803.000\",\"IpAddress\":\"51.158.235.103\",\"Country\":\"Netherlands\",\"Currency\":\"KD\",\"Error\":null,\"CardNumber\":null,\"ErrorCode\":\"\"}],\"Suppliers\":[{\"SupplierCode\":1,\"SupplierName\":\"new supplier\",\"InvoiceShare\":797.25,\"ProposedShare\":null,\"DepositShare\":797.25}]}}', '100202224063005252', '2022-08-28', '1', NULL, '2022-08-28 05:06:21', '2022-08-28 05:06:50', NULL),
(70, 0, 4, '123', 803, 803, 0, NULL, NULL, NULL, NULL, 'mahmoud', '', '1234567890', 1, 1, NULL, '1632290', '{\"IsSuccess\":true,\"Message\":\"Invoice Created Successfully!\",\"ValidationErrors\":null,\"Data\":{\"InvoiceId\":1632290,\"IsDirectPayment\":false,\"PaymentURL\":\"https:\\/\\/demo.MyFatoorah.com\\/En\\/KWT\\/PayInvoice\\/Checkout?invoiceKey=01072163229040&paymentGatewayId=20\",\"CustomerReference\":\"70\",\"UserDefinedField\":null,\"RecurringId\":\"\"}}', '{\"IsSuccess\":true,\"Message\":\"\",\"ValidationErrors\":null,\"Data\":{\"InvoiceId\":1632290,\"InvoiceStatus\":\"Paid\",\"InvoiceReference\":\"2022197960\",\"CustomerReference\":\"70\",\"CreatedDate\":\"2022-08-28T11:10:29.297\",\"ExpiryDate\":\"August 31, 2022\",\"ExpiryTime\":\"11:10:29.297\",\"InvoiceValue\":803,\"Comments\":null,\"CustomerName\":\"Anonymous\",\"CustomerMobile\":\"+965\",\"CustomerEmail\":null,\"UserDefinedField\":null,\"InvoiceDisplayValue\":\"803.000 KD\",\"DepositStatus\":\"None\",\"InvoiceItems\":[],\"InvoiceTransactions\":[{\"TransactionDate\":\"2022-08-28T11:11:03.15\",\"PaymentGateway\":\"KNET\",\"ReferenceId\":\"224010000367\",\"TrackId\":\"28-08-2022_1244254\",\"TransactionId\":\"202224062870094\",\"PaymentId\":\"100202224037118666\",\"AuthorizationId\":\"B14151\",\"TransactionStatus\":\"Succss\",\"TransationValue\":\"803.000\",\"CustomerServiceCharge\":\"0.000\",\"DueValue\":\"803.000\",\"PaidCurrency\":\"KD\",\"PaidCurrencyValue\":\"803.000\",\"IpAddress\":\"51.158.235.103\",\"Country\":\"Netherlands\",\"Currency\":\"KD\",\"Error\":null,\"CardNumber\":null,\"ErrorCode\":\"\"}],\"Suppliers\":[{\"SupplierCode\":1,\"SupplierName\":\"new supplier\",\"InvoiceShare\":797.25,\"ProposedShare\":null,\"DepositShare\":797.25}]}}', '100202224037118666', '2022-08-28', '1', NULL, '2022-08-28 05:10:28', '2022-08-28 05:11:03', NULL),
(71, 0, 4, '123', 803, 803, 0, NULL, NULL, NULL, NULL, 'mahmoud', '', '1234567890', 1, 0, NULL, NULL, NULL, NULL, NULL, '2022-08-28', '1', NULL, '2022-08-28 05:21:05', '2022-08-28 05:21:05', NULL),
(72, 0, 4, '123', 803, 803, 0, NULL, NULL, NULL, NULL, 'mahmoud', '', '1234567890', 1, 0, NULL, NULL, NULL, NULL, NULL, '2022-08-28', '1', NULL, '2022-08-28 05:22:06', '2022-08-28 05:22:06', NULL),
(73, 0, 4, '123', 803, 803, 0, NULL, NULL, NULL, NULL, 'mahmoud', '', '1234567890', 1, 0, NULL, NULL, NULL, NULL, NULL, '2022-08-28', '1', NULL, '2022-08-28 05:22:18', '2022-08-28 05:22:18', NULL),
(74, 0, 4, '123', 803, 803, 0, NULL, NULL, NULL, NULL, 'mahmoud', '', '1234567890', 1, 0, NULL, NULL, NULL, NULL, NULL, '2022-08-28', '1', NULL, '2022-08-28 05:23:13', '2022-08-28 05:23:13', NULL),
(75, 0, 4, '123', 803, 803, 0, NULL, NULL, NULL, NULL, 'mahmoud', '', '1234567890', 1, 0, NULL, NULL, NULL, NULL, NULL, '2022-08-28', '1', NULL, '2022-08-28 05:23:46', '2022-08-28 05:23:46', NULL),
(76, 0, 4, '123', 803, 803, 0, NULL, NULL, NULL, NULL, 'mahmoud', '', '1234567890', 1, 1, NULL, '1632310', '{\"IsSuccess\":true,\"Message\":\"Invoice Created Successfully!\",\"ValidationErrors\":null,\"Data\":{\"InvoiceId\":1632310,\"IsDirectPayment\":false,\"PaymentURL\":\"https:\\/\\/demo.MyFatoorah.com\\/En\\/KWT\\/PayInvoice\\/Checkout?invoiceKey=01072163231040&paymentGatewayId=20\",\"CustomerReference\":\"76\",\"UserDefinedField\":null,\"RecurringId\":\"\"}}', '{\"IsSuccess\":true,\"Message\":\"\",\"ValidationErrors\":null,\"Data\":{\"InvoiceId\":1632310,\"InvoiceStatus\":\"Paid\",\"InvoiceReference\":\"2022197976\",\"CustomerReference\":\"76\",\"CreatedDate\":\"2022-08-28T11:23:58.047\",\"ExpiryDate\":\"August 31, 2022\",\"ExpiryTime\":\"11:23:58.047\",\"InvoiceValue\":803,\"Comments\":null,\"CustomerName\":\"Anonymous\",\"CustomerMobile\":\"+965\",\"CustomerEmail\":null,\"UserDefinedField\":null,\"InvoiceDisplayValue\":\"803.000 KD\",\"DepositStatus\":\"None\",\"InvoiceItems\":[],\"InvoiceTransactions\":[{\"TransactionDate\":\"2022-08-28T11:24:30.8633333\",\"PaymentGateway\":\"KNET\",\"ReferenceId\":\"224010000389\",\"TrackId\":\"28-08-2022_1244261\",\"TransactionId\":\"202224062466009\",\"PaymentId\":\"100202224037524501\",\"AuthorizationId\":\"B15479\",\"TransactionStatus\":\"Succss\",\"TransationValue\":\"803.000\",\"CustomerServiceCharge\":\"0.000\",\"DueValue\":\"803.000\",\"PaidCurrency\":\"KD\",\"PaidCurrencyValue\":\"803.000\",\"IpAddress\":\"51.158.235.103\",\"Country\":\"Netherlands\",\"Currency\":\"KD\",\"Error\":null,\"CardNumber\":null,\"ErrorCode\":\"\"}],\"Suppliers\":[{\"SupplierCode\":1,\"SupplierName\":\"new supplier\",\"InvoiceShare\":797.25,\"ProposedShare\":null,\"DepositShare\":797.25}]}}', '100202224037524501', '2022-08-28', '1', NULL, '2022-08-28 05:23:56', '2022-08-28 05:24:31', NULL),
(77, 0, 4, '123', 803, 803, 0, NULL, NULL, NULL, NULL, 'mahmoud', '', '1234567890', 1, 0, NULL, '1632325', '{\"IsSuccess\":true,\"Message\":\"Invoice Created Successfully!\",\"ValidationErrors\":null,\"Data\":{\"InvoiceId\":1632325,\"IsDirectPayment\":false,\"PaymentURL\":\"https:\\/\\/demo.MyFatoorah.com\\/En\\/KWT\\/PayInvoice\\/Checkout?invoiceKey=01072163232540&paymentGatewayId=20\",\"CustomerReference\":\"77\",\"UserDefinedField\":null,\"RecurringId\":\"\"}}', NULL, NULL, '2022-08-28', '1', NULL, '2022-08-28 05:34:32', '2022-08-28 05:34:32', NULL),
(78, 0, 4, '123', 803, 803, 0, NULL, NULL, NULL, NULL, 'mahmoud', '', '1234567890', 1, 0, NULL, '1632326', '{\"IsSuccess\":true,\"Message\":\"Invoice Created Successfully!\",\"ValidationErrors\":null,\"Data\":{\"InvoiceId\":1632326,\"IsDirectPayment\":false,\"PaymentURL\":\"https:\\/\\/demo.MyFatoorah.com\\/En\\/KWT\\/PayInvoice\\/Checkout?invoiceKey=01072163232640&paymentGatewayId=20\",\"CustomerReference\":\"78\",\"UserDefinedField\":null,\"RecurringId\":\"\"}}', NULL, NULL, '2022-08-28', '1', NULL, '2022-08-28 05:35:18', '2022-08-28 05:35:18', NULL),
(79, 0, 4, '123', 803, 803, 0, NULL, NULL, NULL, NULL, 'mahmoud', '', '1234567890', 1, 1, NULL, '1632331', '{\"IsSuccess\":true,\"Message\":\"Invoice Created Successfully!\",\"ValidationErrors\":null,\"Data\":{\"InvoiceId\":1632331,\"IsDirectPayment\":false,\"PaymentURL\":\"https:\\/\\/demo.MyFatoorah.com\\/En\\/KWT\\/PayInvoice\\/Checkout?invoiceKey=01072163233140&paymentGatewayId=20\",\"CustomerReference\":\"79\",\"UserDefinedField\":null,\"RecurringId\":\"\"}}', '{\"IsSuccess\":true,\"Message\":\"\",\"ValidationErrors\":null,\"Data\":{\"InvoiceId\":1632331,\"InvoiceStatus\":\"Paid\",\"InvoiceReference\":\"2022197996\",\"CustomerReference\":\"79\",\"CreatedDate\":\"2022-08-28T11:37:06.13\",\"ExpiryDate\":\"August 31, 2022\",\"ExpiryTime\":\"11:37:06.130\",\"InvoiceValue\":803,\"Comments\":null,\"CustomerName\":\"Anonymous\",\"CustomerMobile\":\"+965\",\"CustomerEmail\":null,\"UserDefinedField\":null,\"InvoiceDisplayValue\":\"803.000 KD\",\"DepositStatus\":\"None\",\"InvoiceItems\":[],\"InvoiceTransactions\":[{\"TransactionDate\":\"2022-08-28T11:37:41.71\",\"PaymentGateway\":\"KNET\",\"ReferenceId\":\"224010000410\",\"TrackId\":\"28-08-2022_1244269\",\"TransactionId\":\"202224037929101\",\"PaymentId\":\"100202224062080078\",\"AuthorizationId\":\"B16790\",\"TransactionStatus\":\"Succss\",\"TransationValue\":\"803.000\",\"CustomerServiceCharge\":\"0.000\",\"DueValue\":\"803.000\",\"PaidCurrency\":\"KD\",\"PaidCurrencyValue\":\"803.000\",\"IpAddress\":\"51.158.235.103\",\"Country\":\"Netherlands\",\"Currency\":\"KD\",\"Error\":null,\"CardNumber\":null,\"ErrorCode\":\"\"}],\"Suppliers\":[{\"SupplierCode\":1,\"SupplierName\":\"new supplier\",\"InvoiceShare\":797.25,\"ProposedShare\":null,\"DepositShare\":797.25}]}}', '100202224062080078', '2022-08-28', '1', NULL, '2022-08-28 05:37:04', '2022-08-28 05:37:42', NULL),
(80, 0, 4, '123', 803, 803, 0, NULL, NULL, NULL, NULL, 'mahmoud', '', '1234567890', 1, 1, NULL, '1632342', '{\"IsSuccess\":true,\"Message\":\"Invoice Created Successfully!\",\"ValidationErrors\":null,\"Data\":{\"InvoiceId\":1632342,\"IsDirectPayment\":false,\"PaymentURL\":\"https:\\/\\/demo.MyFatoorah.com\\/En\\/KWT\\/PayInvoice\\/Checkout?invoiceKey=01072163234240&paymentGatewayId=20\",\"CustomerReference\":\"80\",\"UserDefinedField\":null,\"RecurringId\":\"\"}}', '{\"IsSuccess\":true,\"Message\":\"\",\"ValidationErrors\":null,\"Data\":{\"InvoiceId\":1632342,\"InvoiceStatus\":\"Paid\",\"InvoiceReference\":\"2022198005\",\"CustomerReference\":\"80\",\"CreatedDate\":\"2022-08-28T11:45:27.39\",\"ExpiryDate\":\"August 31, 2022\",\"ExpiryTime\":\"11:45:27.390\",\"InvoiceValue\":803,\"Comments\":null,\"CustomerName\":\"Anonymous\",\"CustomerMobile\":\"+965\",\"CustomerEmail\":null,\"UserDefinedField\":null,\"InvoiceDisplayValue\":\"803.000 KD\",\"DepositStatus\":\"None\",\"InvoiceItems\":[],\"InvoiceTransactions\":[{\"TransactionDate\":\"2022-08-28T11:46:15.3433333\",\"PaymentGateway\":\"KNET\",\"ReferenceId\":\"224010000430\",\"TrackId\":\"28-08-2022_1244272\",\"TransactionId\":\"202224038185732\",\"PaymentId\":\"100202224061824693\",\"AuthorizationId\":\"B17663\",\"TransactionStatus\":\"Succss\",\"TransationValue\":\"803.000\",\"CustomerServiceCharge\":\"0.000\",\"DueValue\":\"803.000\",\"PaidCurrency\":\"KD\",\"PaidCurrencyValue\":\"803.000\",\"IpAddress\":\"51.158.235.103\",\"Country\":\"Netherlands\",\"Currency\":\"KD\",\"Error\":null,\"CardNumber\":null,\"ErrorCode\":\"\"}],\"Suppliers\":[{\"SupplierCode\":1,\"SupplierName\":\"new supplier\",\"InvoiceShare\":797.25,\"ProposedShare\":null,\"DepositShare\":797.25}]}}', '100202224061824693', '2022-08-28', '3', NULL, '2022-08-28 05:45:26', '2022-08-29 04:02:29', NULL),
(81, 0, 4, '123', 803, 803, 0, NULL, NULL, NULL, NULL, 'mahmoud', '', '1234567890', 1, 1, NULL, '1632346', '{\"IsSuccess\":true,\"Message\":\"Invoice Created Successfully!\",\"ValidationErrors\":null,\"Data\":{\"InvoiceId\":1632346,\"IsDirectPayment\":false,\"PaymentURL\":\"https:\\/\\/demo.MyFatoorah.com\\/En\\/KWT\\/PayInvoice\\/Checkout?invoiceKey=01072163234641&paymentGatewayId=20\",\"CustomerReference\":\"81\",\"UserDefinedField\":null,\"RecurringId\":\"\"}}', '{\"IsSuccess\":true,\"Message\":\"\",\"ValidationErrors\":null,\"Data\":{\"InvoiceId\":1632346,\"InvoiceStatus\":\"Paid\",\"InvoiceReference\":\"2022198009\",\"CustomerReference\":\"81\",\"CreatedDate\":\"2022-08-28T11:52:44.98\",\"ExpiryDate\":\"August 31, 2022\",\"ExpiryTime\":\"11:52:44.980\",\"InvoiceValue\":803,\"Comments\":null,\"CustomerName\":\"Anonymous\",\"CustomerMobile\":\"+965\",\"CustomerEmail\":null,\"UserDefinedField\":null,\"InvoiceDisplayValue\":\"803.000 KD\",\"DepositStatus\":\"None\",\"InvoiceItems\":[],\"InvoiceTransactions\":[{\"TransactionDate\":\"2022-08-28T11:53:27.7733333\",\"PaymentGateway\":\"KNET\",\"ReferenceId\":\"224010000439\",\"TrackId\":\"28-08-2022_1244273\",\"TransactionId\":\"202224038402071\",\"PaymentId\":\"100202224061612341\",\"AuthorizationId\":\"B18376\",\"TransactionStatus\":\"Succss\",\"TransationValue\":\"803.000\",\"CustomerServiceCharge\":\"0.000\",\"DueValue\":\"803.000\",\"PaidCurrency\":\"KD\",\"PaidCurrencyValue\":\"803.000\",\"IpAddress\":\"51.158.235.103\",\"Country\":\"Netherlands\",\"Currency\":\"KD\",\"Error\":null,\"CardNumber\":null,\"ErrorCode\":\"\"}],\"Suppliers\":[{\"SupplierCode\":1,\"SupplierName\":\"new supplier\",\"InvoiceShare\":797.25,\"ProposedShare\":null,\"DepositShare\":797.25}]}}', '100202224061612341', '2022-08-28', '5', NULL, '2022-08-28 05:52:43', '2022-08-28 06:43:10', NULL),
(82, 0, 4, '123', 803, 803, 0, NULL, NULL, NULL, NULL, 'mahmoud', '', '1234567890', 1, 0, NULL, '1633873', '{\"IsSuccess\":true,\"Message\":\"Invoice Created Successfully!\",\"ValidationErrors\":null,\"Data\":{\"InvoiceId\":1633873,\"IsDirectPayment\":false,\"PaymentURL\":\"https:\\/\\/demo.MyFatoorah.com\\/En\\/KWT\\/PayInvoice\\/Checkout?invoiceKey=01072163387341&paymentGatewayId=20\",\"CustomerReference\":\"82\",\"UserDefinedField\":null,\"RecurringId\":\"\"}}', NULL, NULL, '2022-08-29', '1', NULL, '2022-08-29 04:38:33', '2022-08-29 04:38:33', NULL),
(83, 0, 4, '123', 803, 803, 0, NULL, NULL, NULL, NULL, 'mahmoud', '', '1234567890', 1, 1, NULL, '1633877', '{\"IsSuccess\":true,\"Message\":\"Invoice Created Successfully!\",\"ValidationErrors\":null,\"Data\":{\"InvoiceId\":1633877,\"IsDirectPayment\":false,\"PaymentURL\":\"https:\\/\\/demo.MyFatoorah.com\\/En\\/KWT\\/PayInvoice\\/Checkout?invoiceKey=01072163387742&paymentGatewayId=20\",\"CustomerReference\":\"83\",\"UserDefinedField\":null,\"RecurringId\":\"\"}}', '{\"IsSuccess\":true,\"Message\":\"\",\"ValidationErrors\":null,\"Data\":{\"InvoiceId\":1633877,\"InvoiceStatus\":\"Paid\",\"InvoiceReference\":\"2022199308\",\"CustomerReference\":\"83\",\"CreatedDate\":\"2022-08-29T10:39:22.547\",\"ExpiryDate\":\"September 1, 2022\",\"ExpiryTime\":\"10:39:22.547\",\"InvoiceValue\":803,\"Comments\":null,\"CustomerName\":\"Anonymous\",\"CustomerMobile\":\"+965\",\"CustomerEmail\":null,\"UserDefinedField\":null,\"InvoiceDisplayValue\":\"803.000 KD\",\"DepositStatus\":\"None\",\"InvoiceItems\":[],\"InvoiceTransactions\":[{\"TransactionDate\":\"2022-08-29T10:39:57.8033333\",\"PaymentGateway\":\"KNET\",\"ReferenceId\":\"224110000448\",\"TrackId\":\"29-08-2022_1244830\",\"TransactionId\":\"202224170603479\",\"PaymentId\":\"100202224129385535\",\"AuthorizationId\":\"B07005\",\"TransactionStatus\":\"Succss\",\"TransationValue\":\"803.000\",\"CustomerServiceCharge\":\"0.000\",\"DueValue\":\"803.000\",\"PaidCurrency\":\"KD\",\"PaidCurrencyValue\":\"803.000\",\"IpAddress\":\"51.158.237.58\",\"Country\":\"Netherlands\",\"Currency\":\"KD\",\"Error\":null,\"CardNumber\":null,\"ErrorCode\":\"\"}],\"Suppliers\":[{\"SupplierCode\":1,\"SupplierName\":\"consultant2\",\"InvoiceShare\":797.25,\"ProposedShare\":null,\"DepositShare\":797.25}]}}', '100202224129385535', '2022-08-29', '1', NULL, '2022-08-29 04:39:22', '2022-08-29 04:39:58', NULL),
(84, 0, 4, '123', 803, 803, 0, NULL, NULL, NULL, NULL, 'mahmoud', '', '1234567890', 1, 1, NULL, '1633886', '{\"IsSuccess\":true,\"Message\":\"Invoice Created Successfully!\",\"ValidationErrors\":null,\"Data\":{\"InvoiceId\":1633886,\"IsDirectPayment\":false,\"PaymentURL\":\"https:\\/\\/demo.MyFatoorah.com\\/En\\/KWT\\/PayInvoice\\/Checkout?invoiceKey=01072163388642&paymentGatewayId=20\",\"CustomerReference\":\"84\",\"UserDefinedField\":null,\"RecurringId\":\"\"}}', '{\"IsSuccess\":true,\"Message\":\"\",\"ValidationErrors\":null,\"Data\":{\"InvoiceId\":1633886,\"InvoiceStatus\":\"Paid\",\"InvoiceReference\":\"2022199315\",\"CustomerReference\":\"84\",\"CreatedDate\":\"2022-08-29T10:42:38.993\",\"ExpiryDate\":\"September 1, 2022\",\"ExpiryTime\":\"10:42:38.993\",\"InvoiceValue\":803,\"Comments\":null,\"CustomerName\":\"Anonymous\",\"CustomerMobile\":\"+965\",\"CustomerEmail\":null,\"UserDefinedField\":null,\"InvoiceDisplayValue\":\"803.000 KD\",\"DepositStatus\":\"None\",\"InvoiceItems\":[],\"InvoiceTransactions\":[{\"TransactionDate\":\"2022-08-29T10:43:18.27\",\"PaymentGateway\":\"KNET\",\"ReferenceId\":\"224110000459\",\"TrackId\":\"29-08-2022_1244834\",\"TransactionId\":\"202224129496958\",\"PaymentId\":\"100202224170515713\",\"AuthorizationId\":\"B07366\",\"TransactionStatus\":\"Succss\",\"TransationValue\":\"803.000\",\"CustomerServiceCharge\":\"0.000\",\"DueValue\":\"803.000\",\"PaidCurrency\":\"KD\",\"PaidCurrencyValue\":\"803.000\",\"IpAddress\":\"51.158.237.58\",\"Country\":\"Netherlands\",\"Currency\":\"KD\",\"Error\":null,\"CardNumber\":null,\"ErrorCode\":\"\"}],\"Suppliers\":[{\"SupplierCode\":1,\"SupplierName\":\"consultant2\",\"InvoiceShare\":797.25,\"ProposedShare\":null,\"DepositShare\":797.25}]}}', '100202224170515713', '2022-08-29', '1', NULL, '2022-08-29 04:42:38', '2022-08-29 04:43:19', NULL),
(85, 15, 4, '123', 803, 803, 0, NULL, NULL, NULL, NULL, 'mahmoud tabaza', 'mahmoud2122000ta@gmail.com', '12345678910', 2, 0, NULL, '1633915', '{\"IsSuccess\":true,\"Message\":\"Invoice Created Successfully!\",\"ValidationErrors\":null,\"Data\":{\"InvoiceId\":1633915,\"IsDirectPayment\":false,\"PaymentURL\":\"https:\\/\\/demo.MyFatoorah.com\\/En\\/KWT\\/PayInvoice\\/Checkout?invoiceKey=01072163391541&paymentGatewayId=22\",\"CustomerReference\":\"85\",\"UserDefinedField\":null,\"RecurringId\":\"\"}}', NULL, NULL, '2022-08-29', '1', NULL, '2022-08-29 04:57:36', '2022-08-29 04:57:37', NULL),
(86, 15, 4, '123', 803, 803, 0, NULL, NULL, NULL, NULL, 'mahmoud tabaza', 'mahmoud2122000ta@gmail.com', '12345678910', 2, 0, NULL, '1633917', '{\"IsSuccess\":true,\"Message\":\"Invoice Created Successfully!\",\"ValidationErrors\":null,\"Data\":{\"InvoiceId\":1633917,\"IsDirectPayment\":false,\"PaymentURL\":\"https:\\/\\/demo.MyFatoorah.com\\/En\\/KWT\\/PayInvoice\\/Checkout?invoiceKey=01072163391741&paymentGatewayId=22\",\"CustomerReference\":\"86\",\"UserDefinedField\":null,\"RecurringId\":\"\"}}', NULL, NULL, '2022-08-29', '1', NULL, '2022-08-29 04:58:07', '2022-08-29 04:58:07', NULL),
(87, 15, 4, '123', 803, 803, 0, NULL, NULL, NULL, NULL, 'mahmoud tabaza', 'mahmoud2122000ta@gmail.com', '12345678910', 2, 0, NULL, NULL, NULL, NULL, NULL, '2022-08-29', '1', NULL, '2022-08-29 05:01:27', '2022-08-29 05:01:27', NULL),
(88, 15, 4, '123', 803, 803, 0, NULL, NULL, NULL, NULL, 'mahmoud tabaza', 'mahmoud2122000ta@gmail.com', '12345678910', 2, 0, NULL, NULL, NULL, NULL, NULL, '2022-08-29', '1', NULL, '2022-08-29 05:04:16', '2022-08-29 05:04:16', NULL),
(89, 15, 4, '123', 803, 803, 0, NULL, NULL, NULL, NULL, 'mahmoud tabaza', 'mahmoud2122000ta@gmail.com', '12345678910', 2, 0, NULL, NULL, NULL, NULL, NULL, '2022-08-29', '4', NULL, '2022-08-29 05:08:26', '2022-08-29 06:15:24', NULL),
(90, 15, 4, '123', 803, 803, 0, NULL, NULL, NULL, NULL, 'mahmoud tabaza', 'mahmoud2122000ta@gmail.com', '12345678910', 2, 0, NULL, NULL, NULL, NULL, NULL, '2022-08-29', '1', NULL, '2022-08-29 08:30:30', '2022-08-29 08:30:30', NULL),
(91, 15, 4, '123', 803, 803, 0, NULL, NULL, NULL, NULL, 'mahmoud tabaza', 'mahmoud2122000ta@gmail.com', '12345678910', 2, 0, NULL, NULL, NULL, NULL, NULL, '2022-08-29', '1', NULL, '2022-08-29 08:31:28', '2022-08-29 08:31:28', NULL),
(92, 15, 4, '123', 803, 803, 0, NULL, NULL, NULL, NULL, 'mahmoud tabaza', 'mahmoud2122000ta@gmail.com', '12345678910', 2, 0, NULL, NULL, NULL, NULL, NULL, '2022-08-29', '1', NULL, '2022-08-29 08:37:44', '2022-08-29 08:37:44', NULL),
(93, 15, 4, '123', 803, 803, 0, NULL, NULL, NULL, NULL, 'mahmoud tabaza', 'mahmoud2122000ta@gmail.com', '12345678910', 2, 0, NULL, NULL, NULL, NULL, NULL, '2022-08-29', '1', NULL, '2022-08-29 08:40:38', '2022-08-29 08:40:38', NULL),
(94, 15, 4, '123', 803, 803, 0, NULL, NULL, NULL, NULL, 'mahmoud tabaza', 'mahmoud2122000ta@gmail.com', '12345678910', 2, 0, NULL, NULL, NULL, NULL, NULL, '2022-08-29', '1', NULL, '2022-08-29 09:05:54', '2022-08-29 09:05:54', NULL);

-- --------------------------------------------------------

--
-- Table structure for table `order_meals`
--

CREATE TABLE `order_meals` (
  `id` bigint(20) UNSIGNED NOT NULL,
  `order_id` int(11) NOT NULL,
  `meal_id` int(11) NOT NULL,
  `price` double NOT NULL,
  `quantity` int(11) NOT NULL DEFAULT 1,
  `created_at` timestamp NOT NULL DEFAULT current_timestamp(),
  `updated_at` timestamp NULL DEFAULT NULL ON UPDATE current_timestamp(),
  `deleted_at` timestamp NULL DEFAULT NULL
) ENGINE=InnoDB DEFAULT CHARSET=utf8mb4 COLLATE=utf8mb4_unicode_ci;

--
-- Dumping data for table `order_meals`
--

INSERT INTO `order_meals` (`id`, `order_id`, `meal_id`, `price`, `quantity`, `created_at`, `updated_at`, `deleted_at`) VALUES
(1, 1, 2, 1, 2, '2022-08-14 08:02:26', '2022-08-23 06:58:53', NULL),
(2, 2, 1, 1, 2, '2022-08-14 08:04:10', '2022-08-14 08:04:10', NULL),
(3, 3, 1, 1, 2, '2022-08-14 08:18:19', '2022-08-14 08:18:19', NULL),
(4, 4, 1, 1, 2, '2022-08-14 08:18:24', '2022-08-14 08:18:24', NULL),
(5, 5, 1, 1, 2, '2022-08-14 08:19:40', '2022-08-14 08:19:40', NULL),
(6, 6, 1, 1, 2, '2022-08-14 08:22:20', '2022-08-14 08:22:20', NULL),
(7, 7, 1, 1, 2, '2022-08-14 08:25:57', '2022-08-14 08:25:57', NULL),
(8, 8, 1, 1, 2, '2022-08-15 02:35:12', '2022-08-15 02:35:12', NULL),
(9, 9, 1, 1, 2, '2022-08-15 02:36:42', '2022-08-15 02:36:42', NULL),
(10, 10, 1, 1, 2, '2022-08-15 02:37:36', '2022-08-15 02:37:36', NULL),
(11, 11, 1, 1, 2, '2022-08-15 02:39:04', '2022-08-15 02:39:04', NULL),
(12, 14, 1, 1, 2, '2022-08-15 02:41:50', '2022-08-16 08:32:03', NULL),
(13, 14, 1, 1, 2, '2022-08-15 02:42:09', '2022-08-16 08:32:01', NULL),
(14, 14, 1, 1, 2, '2022-08-15 04:52:49', '2022-08-15 04:52:49', NULL),
(15, 15, 1, 1, 2, '2022-08-16 05:58:29', '2022-08-16 05:58:29', NULL),
(16, 16, 1, 1, 2, '2022-08-16 06:02:12', '2022-08-16 06:02:12', NULL),
(17, 17, 1, 1, 2, '2022-08-16 06:04:49', '2022-08-16 06:04:49', NULL),
(18, 18, 1, 1, 2, '2022-08-16 06:08:59', '2022-08-16 06:08:59', NULL),
(19, 19, 1, 1, 3, '2022-08-16 06:11:32', '2022-08-16 06:11:32', NULL),
(20, 20, 3, 10, 3, '2022-08-16 06:19:59', '2022-08-16 06:19:59', NULL),
(21, 21, 3, 10, 3, '2022-08-18 05:06:34', '2022-08-18 05:06:34', NULL),
(22, 22, 3, 10, 3, '2022-08-18 05:08:03', '2022-08-18 05:08:03', NULL),
(23, 23, 4, 61, 3, '2022-08-18 05:30:14', '2022-08-18 05:30:14', NULL),
(24, 24, 1, 1, 2, '2022-08-18 07:04:19', '2022-08-18 07:04:19', NULL),
(25, 25, 1, 1, 2, '2022-08-18 07:07:12', '2022-08-18 07:07:12', NULL),
(26, 26, 1, 1, 2, '2022-08-18 07:09:18', '2022-08-18 07:09:18', NULL),
(27, 27, 1, 1, 2, '2022-08-18 07:09:58', '2022-08-18 07:09:58', NULL),
(28, 28, 3, 10, 3, '2022-08-18 09:51:17', '2022-08-18 09:51:17', NULL),
(29, 29, 3, 10, 3, '2022-08-18 09:52:01', '2022-08-18 09:52:01', NULL),
(30, 30, 3, 10, 3, '2022-08-21 06:47:57', '2022-08-21 06:47:57', NULL),
(31, 31, 3, 10, 3, '2022-08-24 08:37:58', '2022-08-24 08:37:58', NULL),
(32, 32, 3, 10, 3, '2022-08-24 08:38:23', '2022-08-24 08:38:23', NULL),
(33, 33, 3, 10, 3, '2022-08-24 08:39:11', '2022-08-24 08:39:11', NULL),
(34, 34, 8, 137, 3, '2022-08-24 08:44:07', '2022-08-24 08:44:07', NULL),
(35, 35, 8, 137, 3, '2022-08-24 08:55:44', '2022-08-24 08:55:44', NULL),
(36, 36, 8, 137, 3, '2022-08-24 09:00:09', '2022-08-24 09:00:09', NULL),
(37, 37, 8, 137, 3, '2022-08-24 09:00:50', '2022-08-24 09:00:50', NULL),
(38, 38, 8, 137, 3, '2022-08-24 09:01:07', '2022-08-24 09:01:07', NULL),
(39, 39, 8, 137, 3, '2022-08-24 09:04:19', '2022-08-24 09:04:19', NULL),
(40, 40, 8, 137, 3, '2022-08-24 09:27:28', '2022-08-24 09:27:28', NULL),
(41, 41, 8, 137, 3, '2022-08-24 09:28:29', '2022-08-24 09:28:29', NULL),
(42, 42, 8, 137, 3, '2022-08-24 09:32:33', '2022-08-24 09:32:33', NULL),
(43, 43, 8, 137, 3, '2022-08-24 09:37:15', '2022-08-24 09:37:15', NULL),
(44, 44, 8, 137, 3, '2022-08-24 10:02:38', '2022-08-24 10:02:38', NULL),
(45, 45, 8, 137, 3, '2022-08-24 10:03:01', '2022-08-24 10:03:01', NULL),
(46, 46, 3, 10, 3, '2022-08-25 02:59:37', '2022-08-25 02:59:37', NULL),
(47, 47, 3, 10, 3, '2022-08-25 03:02:03', '2022-08-25 03:02:03', NULL),
(48, 48, 3, 10, 3, '2022-08-25 03:08:09', '2022-08-25 03:08:09', NULL),
(49, 49, 3, 10, 3, '2022-08-25 03:09:07', '2022-08-25 03:09:07', NULL),
(50, 50, 3, 10, 3, '2022-08-25 03:10:39', '2022-08-25 03:10:39', NULL),
(51, 51, 3, 10, 3, '2022-08-25 03:10:57', '2022-08-25 03:10:57', NULL),
(52, 52, 3, 10, 3, '2022-08-25 03:17:54', '2022-08-25 03:17:54', NULL),
(53, 53, 3, 10, 3, '2022-08-25 03:18:57', '2022-08-25 03:18:57', NULL),
(54, 54, 5, 803, 5, '2022-08-28 03:05:07', '2022-08-28 03:05:07', NULL),
(55, 55, 5, 803, 5, '2022-08-28 03:05:52', '2022-08-28 03:05:52', NULL),
(56, 56, 5, 803, 5, '2022-08-28 03:10:55', '2022-08-28 03:10:55', NULL),
(57, 57, 5, 803, 5, '2022-08-28 03:12:10', '2022-08-28 03:12:10', NULL),
(58, 58, 5, 803, 5, '2022-08-28 03:13:11', '2022-08-28 03:13:11', NULL),
(59, 59, 5, 803, 5, '2022-08-28 03:13:36', '2022-08-28 03:13:36', NULL),
(60, 60, 5, 803, 5, '2022-08-28 03:14:33', '2022-08-28 03:14:33', NULL),
(61, 61, 5, 803, 5, '2022-08-28 04:24:48', '2022-08-28 04:24:48', NULL),
(62, 62, 5, 803, 5, '2022-08-28 04:45:16', '2022-08-28 04:45:16', NULL),
(63, 63, 5, 803, 5, '2022-08-28 04:45:51', '2022-08-28 04:45:51', NULL),
(64, 64, 5, 803, 5, '2022-08-28 04:47:45', '2022-08-28 04:47:45', NULL),
(65, 65, 5, 803, 5, '2022-08-28 04:49:52', '2022-08-28 04:49:52', NULL),
(66, 66, 5, 803, 5, '2022-08-28 04:52:14', '2022-08-28 04:52:14', NULL),
(67, 67, 5, 803, 5, '2022-08-28 04:53:10', '2022-08-28 04:53:10', NULL),
(68, 68, 5, 803, 5, '2022-08-28 05:04:01', '2022-08-28 05:04:01', NULL),
(69, 69, 5, 803, 5, '2022-08-28 05:06:21', '2022-08-28 05:06:21', NULL),
(70, 70, 5, 803, 5, '2022-08-28 05:10:28', '2022-08-28 05:10:28', NULL),
(71, 71, 5, 803, 5, '2022-08-28 05:21:05', '2022-08-28 05:21:05', NULL),
(72, 72, 5, 803, 5, '2022-08-28 05:22:06', '2022-08-28 05:22:06', NULL),
(73, 73, 5, 803, 5, '2022-08-28 05:22:18', '2022-08-28 05:22:18', NULL),
(74, 74, 5, 803, 5, '2022-08-28 05:23:13', '2022-08-28 05:23:13', NULL),
(75, 75, 5, 803, 5, '2022-08-28 05:23:46', '2022-08-28 05:23:46', NULL),
(76, 76, 5, 803, 5, '2022-08-28 05:23:56', '2022-08-28 05:23:56', NULL),
(77, 77, 5, 803, 5, '2022-08-28 05:34:32', '2022-08-28 05:34:32', NULL),
(78, 78, 5, 803, 5, '2022-08-28 05:35:18', '2022-08-28 05:35:18', NULL),
(79, 79, 5, 803, 5, '2022-08-28 05:37:04', '2022-08-28 05:37:04', NULL),
(80, 80, 5, 803, 5, '2022-08-28 05:45:26', '2022-08-28 05:45:26', NULL),
(81, 81, 5, 803, 5, '2022-08-28 05:52:43', '2022-08-28 05:52:43', NULL),
(82, 82, 5, 803, 5, '2022-08-29 04:38:33', '2022-08-29 04:38:33', NULL),
(83, 83, 5, 803, 5, '2022-08-29 04:39:22', '2022-08-29 04:39:22', NULL),
(84, 84, 5, 803, 5, '2022-08-29 04:42:38', '2022-08-29 04:42:38', NULL),
(85, 85, 5, 803, 5, '2022-08-29 04:57:36', '2022-08-29 04:57:36', NULL),
(86, 86, 5, 803, 5, '2022-08-29 04:58:07', '2022-08-29 04:58:07', NULL),
(87, 87, 5, 803, 5, '2022-08-29 05:01:27', '2022-08-29 05:01:27', NULL),
(88, 88, 5, 803, 5, '2022-08-29 05:04:16', '2022-08-29 05:04:16', NULL),
(89, 89, 5, 803, 5, '2022-08-29 05:08:27', '2022-08-29 05:08:27', NULL),
(90, 90, 5, 803, 5, '2022-08-29 08:30:30', '2022-08-29 08:30:30', NULL),
(91, 91, 5, 803, 5, '2022-08-29 08:31:28', '2022-08-29 08:31:28', NULL),
(92, 92, 5, 803, 5, '2022-08-29 08:37:44', '2022-08-29 08:37:44', NULL),
(93, 93, 5, 803, 5, '2022-08-29 08:40:38', '2022-08-29 08:40:38', NULL),
(94, 94, 5, 803, 5, '2022-08-29 09:05:54', '2022-08-29 09:05:54', NULL);

-- --------------------------------------------------------

--
-- Table structure for table `order_meal_extras`
--

CREATE TABLE `order_meal_extras` (
  `id` bigint(20) UNSIGNED NOT NULL,
  `order_meal_id` int(11) NOT NULL,
  `extra_id` int(11) NOT NULL,
  `quantity` int(11) NOT NULL,
  `price` double NOT NULL,
  `created_at` timestamp NOT NULL DEFAULT current_timestamp(),
  `updated_at` timestamp NULL DEFAULT NULL ON UPDATE current_timestamp(),
  `deleted_at` timestamp NULL DEFAULT NULL
) ENGINE=InnoDB DEFAULT CHARSET=utf8mb4 COLLATE=utf8mb4_unicode_ci;

--
-- Dumping data for table `order_meal_extras`
--

INSERT INTO `order_meal_extras` (`id`, `order_meal_id`, `extra_id`, `quantity`, `price`, `created_at`, `updated_at`, `deleted_at`) VALUES
(1, 2, 1, 0, 117, '2022-08-14 08:04:10', '2022-08-14 08:04:10', NULL),
(2, 2, 2, 0, 1, '2022-08-14 08:04:10', '2022-08-14 08:04:10', NULL),
(3, 3, 1, 0, 117, '2022-08-14 08:18:19', '2022-08-14 08:18:19', NULL),
(4, 3, 2, 0, 1, '2022-08-14 08:18:19', '2022-08-14 08:18:19', NULL),
(5, 4, 1, 0, 117, '2022-08-14 08:18:24', '2022-08-14 08:18:24', NULL),
(6, 4, 2, 0, 1, '2022-08-14 08:18:24', '2022-08-14 08:18:24', NULL),
(7, 5, 1, 0, 117, '2022-08-14 08:19:40', '2022-08-14 08:19:40', NULL),
(8, 5, 2, 0, 1, '2022-08-14 08:19:40', '2022-08-14 08:19:40', NULL),
(9, 6, 1, 0, 117, '2022-08-14 08:22:20', '2022-08-14 08:22:20', NULL),
(10, 6, 2, 0, 1, '2022-08-14 08:22:20', '2022-08-14 08:22:20', NULL),
(11, 7, 1, 0, 117, '2022-08-14 08:25:57', '2022-08-14 08:25:57', NULL),
(12, 7, 2, 0, 1, '2022-08-14 08:25:57', '2022-08-14 08:25:57', NULL),
(13, 8, 1, 0, 117, '2022-08-15 02:35:12', '2022-08-15 02:35:12', NULL),
(14, 8, 2, 0, 1, '2022-08-15 02:35:12', '2022-08-15 02:35:12', NULL),
(15, 9, 1, 0, 117, '2022-08-15 02:36:42', '2022-08-15 02:36:42', NULL),
(16, 9, 2, 0, 1, '2022-08-15 02:36:42', '2022-08-15 02:36:42', NULL),
(17, 10, 1, 0, 117, '2022-08-15 02:37:36', '2022-08-15 02:37:36', NULL),
(18, 10, 2, 0, 1, '2022-08-15 02:37:36', '2022-08-15 02:37:36', NULL),
(19, 11, 1, 0, 117, '2022-08-15 02:39:04', '2022-08-15 02:39:04', NULL),
(20, 11, 2, 0, 1, '2022-08-15 02:39:04', '2022-08-15 02:39:04', NULL),
(21, 12, 1, 0, 117, '2022-08-15 02:41:50', '2022-08-15 02:41:50', NULL),
(22, 12, 2, 0, 1, '2022-08-15 02:41:50', '2022-08-15 02:41:50', NULL),
(23, 13, 1, 0, 117, '2022-08-15 02:42:09', '2022-08-15 02:42:09', NULL),
(24, 13, 2, 0, 1, '2022-08-15 02:42:09', '2022-08-15 02:42:09', NULL),
(25, 14, 1, 0, 117, '2022-08-15 04:52:49', '2022-08-15 04:52:49', NULL),
(26, 14, 2, 0, 1, '2022-08-15 04:52:49', '2022-08-15 04:52:49', NULL),
(27, 15, 1, 0, 117, '2022-08-16 05:58:29', '2022-08-16 05:58:29', NULL),
(28, 15, 2, 0, 1, '2022-08-16 05:58:29', '2022-08-16 05:58:29', NULL),
(29, 17, 1, 2, 117, '2022-08-16 06:04:49', '2022-08-16 06:04:49', NULL),
(30, 17, 2, 3, 1, '2022-08-16 06:04:49', '2022-08-16 06:04:49', NULL),
(31, 18, 1, 2, 117, '2022-08-16 06:08:59', '2022-08-16 06:08:59', NULL),
(32, 18, 2, 3, 1, '2022-08-16 06:08:59', '2022-08-16 06:08:59', NULL),
(33, 19, 1, 2, 117, '2022-08-16 06:11:32', '2022-08-16 06:11:32', NULL),
(34, 19, 2, 3, 1, '2022-08-16 06:11:32', '2022-08-16 06:11:32', NULL),
(35, 20, 1, 2, 117, '2022-08-16 06:19:59', '2022-08-16 06:19:59', NULL),
(36, 20, 2, 3, 1, '2022-08-16 06:19:59', '2022-08-16 06:19:59', NULL),
(37, 26, 29, 2, 1, '2022-08-18 07:09:18', '2022-08-18 07:09:18', NULL),
(38, 26, 30, 3, 1, '2022-08-18 07:09:18', '2022-08-18 07:09:18', NULL),
(39, 27, 29, 2, 1, '2022-08-18 07:09:58', '2022-08-18 07:09:58', NULL),
(40, 27, 30, 3, 1, '2022-08-18 07:09:58', '2022-08-18 07:09:58', NULL);

-- --------------------------------------------------------

--
-- Table structure for table `order_meal_options`
--

CREATE TABLE `order_meal_options` (
  `id` bigint(20) UNSIGNED NOT NULL,
  `order_meal_id` int(11) NOT NULL,
  `option_id` int(11) NOT NULL,
  `parent_id` int(11) DEFAULT 0,
  `price` double NOT NULL,
  `created_at` timestamp NOT NULL DEFAULT current_timestamp(),
  `updated_at` timestamp NULL DEFAULT NULL ON UPDATE current_timestamp(),
  `deleted_at` timestamp NULL DEFAULT NULL
) ENGINE=InnoDB DEFAULT CHARSET=utf8mb4 COLLATE=utf8mb4_unicode_ci;

--
-- Dumping data for table `order_meal_options`
--

INSERT INTO `order_meal_options` (`id`, `order_meal_id`, `option_id`, `parent_id`, `price`, `created_at`, `updated_at`, `deleted_at`) VALUES
(1, 2, 3, 0, 10, '2022-08-14 08:04:10', '2022-08-14 08:04:10', NULL),
(2, 2, 4, 0, 3, '2022-08-14 08:04:10', '2022-08-14 08:04:10', NULL),
(3, 3, 3, 0, 10, '2022-08-14 08:18:19', '2022-08-14 08:18:19', NULL),
(4, 3, 4, 0, 3, '2022-08-14 08:18:19', '2022-08-14 08:18:19', NULL),
(5, 4, 3, 0, 10, '2022-08-14 08:18:24', '2022-08-14 08:18:24', NULL),
(6, 4, 4, 0, 3, '2022-08-14 08:18:24', '2022-08-14 08:18:24', NULL),
(7, 5, 3, 0, 10, '2022-08-14 08:19:40', '2022-08-14 08:19:40', NULL),
(8, 5, 4, 0, 3, '2022-08-14 08:19:40', '2022-08-14 08:19:40', NULL),
(9, 6, 3, 0, 10, '2022-08-14 08:22:20', '2022-08-14 08:22:20', NULL),
(10, 6, 4, 0, 3, '2022-08-14 08:22:20', '2022-08-14 08:22:20', NULL),
(11, 7, 3, 0, 10, '2022-08-14 08:25:57', '2022-08-14 08:25:57', NULL),
(12, 7, 4, 0, 3, '2022-08-14 08:25:57', '2022-08-14 08:25:57', NULL),
(13, 8, 3, 0, 10, '2022-08-15 02:35:12', '2022-08-15 02:35:12', NULL),
(14, 8, 4, 0, 3, '2022-08-15 02:35:12', '2022-08-15 02:35:12', NULL),
(15, 9, 3, 0, 10, '2022-08-15 02:36:42', '2022-08-15 02:36:42', NULL),
(16, 9, 4, 0, 3, '2022-08-15 02:36:42', '2022-08-15 02:36:42', NULL),
(17, 10, 3, 0, 10, '2022-08-15 02:37:36', '2022-08-15 02:37:36', NULL),
(18, 10, 4, 0, 3, '2022-08-15 02:37:36', '2022-08-15 02:37:36', NULL),
(19, 11, 3, 0, 10, '2022-08-15 02:39:04', '2022-08-15 02:39:04', NULL),
(20, 11, 4, 0, 3, '2022-08-15 02:39:04', '2022-08-15 02:39:04', NULL),
(21, 12, 3, 0, 10, '2022-08-15 02:41:50', '2022-08-15 02:41:50', NULL),
(22, 12, 4, 0, 3, '2022-08-15 02:41:50', '2022-08-15 02:41:50', NULL),
(23, 13, 3, 0, 10, '2022-08-15 02:42:09', '2022-08-15 02:42:09', NULL),
(24, 13, 4, 0, 3, '2022-08-15 02:42:09', '2022-08-15 02:42:09', NULL),
(25, 14, 3, 0, 10, '2022-08-15 04:52:49', '2022-08-15 04:52:49', NULL),
(26, 14, 4, 0, 3, '2022-08-15 04:52:49', '2022-08-15 04:52:49', NULL),
(27, 15, 3, 0, 10, '2022-08-16 05:58:29', '2022-08-16 05:58:29', NULL),
(28, 15, 4, 0, 3, '2022-08-16 05:58:29', '2022-08-16 05:58:29', NULL),
(29, 16, 3, 0, 10, '2022-08-16 06:02:12', '2022-08-16 06:02:12', NULL),
(30, 16, 4, 0, 3, '2022-08-16 06:02:12', '2022-08-16 06:02:12', NULL),
(31, 17, 3, 0, 10, '2022-08-16 06:04:49', '2022-08-16 06:04:49', NULL),
(32, 17, 4, 0, 3, '2022-08-16 06:04:49', '2022-08-16 06:04:49', NULL),
(33, 18, 3, 0, 10, '2022-08-16 06:08:59', '2022-08-16 06:08:59', NULL),
(34, 18, 4, 0, 3, '2022-08-16 06:08:59', '2022-08-16 06:08:59', NULL),
(35, 19, 3, 0, 10, '2022-08-16 06:11:32', '2022-08-16 06:11:32', NULL),
(36, 19, 4, 0, 3, '2022-08-16 06:11:32', '2022-08-16 06:11:32', NULL),
(37, 20, 3, 0, 10, '2022-08-16 06:19:59', '2022-08-16 06:19:59', NULL),
(38, 20, 3, 0, 10, '2022-08-16 06:19:59', '2022-08-16 06:19:59', NULL),
(39, 21, 3, 0, 10, '2022-08-18 05:06:34', '2022-08-18 05:06:34', NULL),
(40, 21, 3, 0, 10, '2022-08-18 05:06:34', '2022-08-18 05:06:34', NULL),
(41, 22, 3, 0, 10, '2022-08-18 05:08:03', '2022-08-18 05:08:03', NULL),
(42, 22, 3, 0, 10, '2022-08-18 05:08:03', '2022-08-18 05:08:03', NULL),
(43, 24, 3, 0, 10, '2022-08-18 07:04:19', '2022-08-18 07:04:19', NULL),
(44, 24, 4, 0, 3, '2022-08-18 07:04:19', '2022-08-18 07:04:19', NULL),
(45, 25, 3, 0, 10, '2022-08-18 07:07:12', '2022-08-18 07:07:12', NULL),
(46, 25, 4, 0, 3, '2022-08-18 07:07:12', '2022-08-18 07:07:12', NULL),
(47, 26, 3, 0, 10, '2022-08-18 07:09:18', '2022-08-18 07:09:18', NULL),
(48, 26, 4, 0, 3, '2022-08-18 07:09:18', '2022-08-18 07:09:18', NULL),
(49, 27, 3, 0, 10, '2022-08-18 07:09:58', '2022-08-18 07:09:58', NULL),
(50, 27, 4, 0, 3, '2022-08-18 07:09:58', '2022-08-18 07:09:58', NULL),
(51, 28, 3, 0, 10, '2022-08-18 09:51:17', '2022-08-18 09:51:17', NULL),
(52, 28, 3, 0, 10, '2022-08-18 09:51:17', '2022-08-18 09:51:17', NULL),
(53, 29, 3, 0, 10, '2022-08-18 09:52:01', '2022-08-18 09:52:01', NULL),
(54, 29, 3, 0, 10, '2022-08-18 09:52:01', '2022-08-18 09:52:01', NULL),
(55, 30, 3, 0, 10, '2022-08-21 06:47:57', '2022-08-21 06:47:57', NULL),
(56, 30, 3, 0, 10, '2022-08-21 06:47:57', '2022-08-21 06:47:57', NULL),
(57, 31, 3, 0, 10, '2022-08-24 08:37:58', '2022-08-24 08:37:58', NULL),
(58, 31, 3, 0, 10, '2022-08-24 08:37:58', '2022-08-24 08:37:58', NULL),
(59, 32, 3, 0, 10, '2022-08-24 08:38:23', '2022-08-24 08:38:23', NULL),
(60, 32, 3, 0, 10, '2022-08-24 08:38:23', '2022-08-24 08:38:23', NULL),
(61, 33, 3, 0, 10, '2022-08-24 08:39:11', '2022-08-24 08:39:11', NULL),
(62, 33, 3, 0, 10, '2022-08-24 08:39:11', '2022-08-24 08:39:11', NULL),
(63, 46, 3, 0, 10, '2022-08-25 02:59:38', '2022-08-25 02:59:38', NULL),
(64, 46, 3, 0, 10, '2022-08-25 02:59:38', '2022-08-25 02:59:38', NULL),
(65, 47, 3, 0, 10, '2022-08-25 03:02:03', '2022-08-25 03:02:03', NULL),
(66, 47, 3, 0, 10, '2022-08-25 03:02:03', '2022-08-25 03:02:03', NULL),
(67, 48, 3, 0, 10, '2022-08-25 03:08:09', '2022-08-25 03:08:09', NULL),
(68, 48, 3, 0, 10, '2022-08-25 03:08:09', '2022-08-25 03:08:09', NULL),
(69, 49, 3, 0, 10, '2022-08-25 03:09:07', '2022-08-25 03:09:07', NULL),
(70, 49, 3, 0, 10, '2022-08-25 03:09:07', '2022-08-25 03:09:07', NULL),
(71, 50, 3, 0, 10, '2022-08-25 03:10:39', '2022-08-25 03:10:39', NULL),
(72, 50, 3, 0, 10, '2022-08-25 03:10:39', '2022-08-25 03:10:39', NULL),
(73, 51, 3, 0, 10, '2022-08-25 03:10:57', '2022-08-25 03:10:57', NULL),
(74, 51, 3, 0, 10, '2022-08-25 03:10:57', '2022-08-25 03:10:57', NULL),
(75, 52, 3, 0, 10, '2022-08-25 03:17:54', '2022-08-25 03:17:54', NULL),
(76, 52, 3, 0, 10, '2022-08-25 03:17:54', '2022-08-25 03:17:54', NULL),
(77, 53, 3, 0, 10, '2022-08-25 03:18:57', '2022-08-25 03:18:57', NULL),
(78, 53, 3, 0, 10, '2022-08-25 03:18:57', '2022-08-25 03:18:57', NULL);

-- --------------------------------------------------------

--
-- Table structure for table `pages`
--

CREATE TABLE `pages` (
  `id` bigint(20) UNSIGNED NOT NULL,
  `image` varchar(191) COLLATE utf8mb4_unicode_ci DEFAULT NULL,
  `views` int(11) NOT NULL,
  `slug` varchar(191) COLLATE utf8mb4_unicode_ci NOT NULL,
  `status` enum('active','not_active') COLLATE utf8mb4_unicode_ci NOT NULL,
  `created_at` timestamp NOT NULL DEFAULT current_timestamp(),
  `updated_at` timestamp NULL DEFAULT NULL ON UPDATE current_timestamp(),
  `deleted_at` timestamp NULL DEFAULT NULL
) ENGINE=InnoDB DEFAULT CHARSET=utf8mb4 COLLATE=utf8mb4_unicode_ci;

--
-- Dumping data for table `pages`
--

INSERT INTO `pages` (`id`, `image`, `views`, `slug`, `status`, `created_at`, `updated_at`, `deleted_at`) VALUES
(1, 'image.png', 1, 'about-us', 'active', '2022-08-07 08:03:36', NULL, NULL),
(2, 'image.png', 1, 'privacy-policy', 'active', '2022-08-07 08:03:36', NULL, NULL),
(3, 'image.png', 1, 'terms-of-use', 'active', '2022-08-07 08:03:36', NULL, NULL);

-- --------------------------------------------------------

--
-- Table structure for table `page_translations`
--

CREATE TABLE `page_translations` (
  `id` bigint(20) UNSIGNED NOT NULL,
  `page_id` int(11) NOT NULL,
  `locale` varchar(191) COLLATE utf8mb4_unicode_ci NOT NULL,
  `title` varchar(191) COLLATE utf8mb4_unicode_ci NOT NULL,
  `description` text COLLATE utf8mb4_unicode_ci NOT NULL,
  `created_at` timestamp NULL DEFAULT NULL,
  `updated_at` timestamp NULL DEFAULT NULL,
  `deleted_at` timestamp NULL DEFAULT NULL
) ENGINE=InnoDB DEFAULT CHARSET=utf8mb4 COLLATE=utf8mb4_unicode_ci;

--
-- Dumping data for table `page_translations`
--

INSERT INTO `page_translations` (`id`, `page_id`, `locale`, `title`, `description`, `created_at`, `updated_at`, `deleted_at`) VALUES
(1, 1, 'en', 'about us', 'description', NULL, NULL, NULL),
(2, 1, 'ar', 'من نحن', 'description', NULL, NULL, NULL),
(3, 2, 'en', 'privacy policy', '<p>description</p>', NULL, '2022-08-23 09:55:58', NULL),
(4, 2, 'ar', 'سياسة الخصوصية', '<p>description</p>', NULL, '2022-08-23 09:55:58', NULL),
(5, 3, 'en', 'terms of use', 'description', NULL, NULL, NULL),
(6, 3, 'ar', 'شروط الاستخدام', 'description', NULL, NULL, NULL);

-- --------------------------------------------------------

--
-- Table structure for table `password_resets`
--

CREATE TABLE `password_resets` (
  `email` varchar(191) COLLATE utf8mb4_unicode_ci NOT NULL,
  `token` varchar(191) COLLATE utf8mb4_unicode_ci NOT NULL,
  `created_at` timestamp NULL DEFAULT NULL
) ENGINE=InnoDB DEFAULT CHARSET=utf8mb4 COLLATE=utf8mb4_unicode_ci;

--
-- Dumping data for table `password_resets`
--

INSERT INTO `password_resets` (`email`, `token`, `created_at`) VALUES
('a@a.com', '$2y$10$rztPVyF8KQG.Wg6vRdVtseftWFns.xwFzwh11Py6XSDrF5CUAz9Nq', '2022-08-23 02:38:34');

-- --------------------------------------------------------

--
-- Table structure for table `permissions`
--

CREATE TABLE `permissions` (
  `id` bigint(20) UNSIGNED NOT NULL,
  `slug` varchar(191) COLLATE utf8mb4_unicode_ci NOT NULL,
  `created_at` timestamp NULL DEFAULT NULL,
  `updated_at` timestamp NULL DEFAULT NULL,
  `deleted_at` timestamp NULL DEFAULT NULL
) ENGINE=InnoDB DEFAULT CHARSET=utf8mb4 COLLATE=utf8mb4_unicode_ci;

--
-- Dumping data for table `permissions`
--

INSERT INTO `permissions` (`id`, `slug`, `created_at`, `updated_at`, `deleted_at`) VALUES
(1, 'admins-show', NULL, NULL, NULL),
(2, 'admins-create', NULL, NULL, NULL),
(3, 'admins-edit', NULL, NULL, NULL),
(4, 'admins-delete', NULL, NULL, NULL),
(5, 'landingPages-show', NULL, NULL, NULL),
(6, 'landingPages-edit', NULL, NULL, NULL),
(7, 'users-show', NULL, NULL, NULL),
(8, 'users-create', NULL, NULL, NULL),
(9, 'users-edit', NULL, NULL, NULL),
(10, 'users-delete', NULL, NULL, NULL),
(11, 'providers-show', NULL, NULL, NULL),
(12, 'providers-create', NULL, NULL, NULL),
(13, 'providers-edit', NULL, NULL, NULL),
(14, 'providers-delete', NULL, NULL, NULL),
(15, 'categories-show', NULL, NULL, NULL),
(16, 'categories-create', NULL, NULL, NULL),
(17, 'categories-edit', NULL, NULL, NULL),
(18, 'categories-delete', NULL, NULL, NULL),
(19, 'meals-show', NULL, NULL, NULL),
(20, 'meals-create', NULL, NULL, NULL),
(21, 'meals-edit', NULL, NULL, NULL),
(22, 'meals-delete', NULL, NULL, NULL),
(23, 'option_values-show', NULL, NULL, NULL),
(24, 'option_values-create', NULL, NULL, NULL),
(25, 'option_values-edit', NULL, NULL, NULL),
(26, 'option_values-delete', NULL, NULL, NULL),
(27, 'promo_codes-show', NULL, NULL, NULL),
(28, 'promo_codes-create', NULL, NULL, NULL),
(29, 'promo_codes-edit', NULL, NULL, NULL),
(30, 'promo_codes-delete', NULL, NULL, NULL),
(31, 'orders-show', NULL, NULL, NULL),
(32, 'orders-create', NULL, NULL, NULL),
(33, 'orders-edit', NULL, NULL, NULL),
(34, 'orders-delete', NULL, NULL, NULL),
(35, 'cuisines-show', NULL, NULL, NULL),
(36, 'cuisines-create', NULL, NULL, NULL),
(37, 'cuisines-edit', NULL, NULL, NULL),
(38, 'cuisines-delete', NULL, NULL, NULL),
(39, 'banners-show', NULL, NULL, NULL),
(40, 'banners-create', NULL, NULL, NULL),
(41, 'banners-edit', NULL, NULL, NULL),
(42, 'banners-delete', NULL, NULL, NULL),
(43, 'contacts-show', NULL, NULL, NULL),
(44, 'contacts-edit', NULL, NULL, NULL),
(45, 'contacts-delete', NULL, NULL, NULL),
(46, 'join_requests-show', NULL, NULL, NULL),
(47, 'join_requests-edit', NULL, NULL, NULL),
(48, 'join_requests-delete', NULL, NULL, NULL),
(49, 'pages-show', NULL, NULL, NULL),
(50, 'pages-edit', NULL, NULL, NULL),
(51, 'notifications-show', NULL, NULL, NULL),
(52, 'notifications-create', NULL, NULL, NULL),
(53, 'logs-show', NULL, NULL, NULL),
(54, 'logs-delete', NULL, NULL, NULL),
(55, 'roles-show', NULL, NULL, NULL),
(56, 'roles-create', NULL, NULL, NULL),
(57, 'roles-edit', NULL, NULL, NULL),
(58, 'roles-delete', NULL, NULL, NULL),
(59, 'settings-show', NULL, NULL, NULL),
(60, 'settings-edit', NULL, NULL, NULL);

-- --------------------------------------------------------

--
-- Table structure for table `permission_translations`
--

CREATE TABLE `permission_translations` (
  `id` bigint(20) UNSIGNED NOT NULL,
  `permission_id` int(11) NOT NULL,
  `locale` varchar(191) COLLATE utf8mb4_unicode_ci NOT NULL,
  `name` varchar(191) COLLATE utf8mb4_unicode_ci NOT NULL,
  `created_at` timestamp NULL DEFAULT NULL,
  `updated_at` timestamp NULL DEFAULT NULL,
  `deleted_at` timestamp NULL DEFAULT NULL
) ENGINE=InnoDB DEFAULT CHARSET=utf8mb4 COLLATE=utf8mb4_unicode_ci;

--
-- Dumping data for table `permission_translations`
--

INSERT INTO `permission_translations` (`id`, `permission_id`, `locale`, `name`, `created_at`, `updated_at`, `deleted_at`) VALUES
(1, 1, 'en', 'admins-show', NULL, NULL, NULL),
(2, 1, 'ar', 'عرض المدراء', NULL, NULL, NULL),
(3, 2, 'en', 'admins-create', NULL, NULL, NULL),
(4, 2, 'ar', 'إضافة المدراء', NULL, NULL, NULL),
(5, 3, 'en', 'admins-edit', NULL, NULL, NULL),
(6, 3, 'ar', 'تعديل المدراء', NULL, NULL, NULL),
(7, 4, 'en', 'admins-delete', NULL, NULL, NULL),
(8, 4, 'ar', 'حذف المدراء', NULL, NULL, NULL),
(9, 5, 'en', 'landingPages-show', NULL, NULL, NULL),
(10, 5, 'ar', 'عرض صفحة الموقع', NULL, NULL, NULL),
(11, 6, 'en', 'landingPages-edit', NULL, NULL, NULL),
(12, 6, 'ar', 'تعديل صفحة الموقع', NULL, NULL, NULL),
(13, 7, 'en', 'users-show', NULL, NULL, NULL),
(14, 7, 'ar', 'عرض المستخدمين', NULL, NULL, NULL),
(15, 8, 'en', 'users-create', NULL, NULL, NULL),
(16, 8, 'ar', 'إضافة المستخدمين', NULL, NULL, NULL),
(17, 9, 'en', 'users-edit', NULL, NULL, NULL),
(18, 9, 'ar', 'تعديل المستخدمين', NULL, NULL, NULL),
(19, 10, 'en', 'users-delete', NULL, NULL, NULL),
(20, 10, 'ar', 'حذف المستخدمين', NULL, NULL, NULL),
(21, 11, 'en', 'providers-show', NULL, NULL, NULL),
(22, 11, 'ar', 'عرض مزودي الخدمات', NULL, NULL, NULL),
(23, 12, 'en', 'providers-create', NULL, NULL, NULL),
(24, 12, 'ar', 'إضافة مزودي الخدمات', NULL, NULL, NULL),
(25, 13, 'en', 'providers-edit', NULL, NULL, NULL),
(26, 13, 'ar', 'تعديل مزودي الخدمات', NULL, NULL, NULL),
(27, 14, 'en', 'providers-delete', NULL, NULL, NULL),
(28, 14, 'ar', 'حذف مزودي الخدمات', NULL, NULL, NULL),
(29, 15, 'en', 'categories-show', NULL, NULL, NULL),
(30, 15, 'ar', 'عرض التصنيفات', NULL, NULL, NULL),
(31, 16, 'en', 'categories-create', NULL, NULL, NULL),
(32, 16, 'ar', 'إضافة التصنيفات', NULL, NULL, NULL),
(33, 17, 'en', 'categories-edit', NULL, NULL, NULL),
(34, 17, 'ar', 'تعديل التصنيفات', NULL, NULL, NULL),
(35, 18, 'en', 'categories-delete', NULL, NULL, NULL),
(36, 18, 'ar', 'حذف التصنيفات', NULL, NULL, NULL),
(37, 19, 'en', 'meals-show', NULL, NULL, NULL),
(38, 19, 'ar', 'عرض الوجبات', NULL, NULL, NULL),
(39, 20, 'en', 'meals-create', NULL, NULL, NULL),
(40, 20, 'ar', 'إضافة الوجبات', NULL, NULL, NULL),
(41, 21, 'en', 'meals-edit', NULL, NULL, NULL),
(42, 21, 'ar', 'تعديل الوجبات', NULL, NULL, NULL),
(43, 22, 'en', 'meals-delete', NULL, NULL, NULL),
(44, 22, 'ar', 'حذف الوجبات', NULL, NULL, NULL),
(45, 23, 'en', 'option values-show', NULL, NULL, NULL),
(46, 23, 'ar', 'عرض الخيارات الإضافية', NULL, NULL, NULL),
(47, 24, 'en', 'option values-create', NULL, NULL, NULL),
(48, 24, 'ar', 'إضافة الخيارات الإضافية', NULL, NULL, NULL),
(49, 25, 'en', 'option values-edit', NULL, NULL, NULL),
(50, 25, 'ar', 'تعديل الخيارات الإضافية', NULL, NULL, NULL),
(51, 26, 'en', 'option values-delete', NULL, NULL, NULL),
(52, 26, 'ar', 'حذف الخيارات الإضافية', NULL, NULL, NULL),
(53, 27, 'en', 'promo codes-show', NULL, NULL, NULL),
(54, 27, 'ar', 'عرض أكواد الخصم', NULL, NULL, NULL),
(55, 28, 'en', 'promo codes-create', NULL, NULL, NULL),
(56, 28, 'ar', 'إضافة أكواد الخصم', NULL, NULL, NULL),
(57, 29, 'en', 'promo codes-edit', NULL, NULL, NULL),
(58, 29, 'ar', 'تعديل أكواد الخصم', NULL, NULL, NULL),
(59, 30, 'en', 'promo codes-delete', NULL, NULL, NULL),
(60, 30, 'ar', 'حذف أكواد الخصم', NULL, NULL, NULL),
(61, 31, 'en', 'orders-show', NULL, NULL, NULL),
(62, 31, 'ar', 'عرض الطلبات', NULL, NULL, NULL),
(63, 32, 'en', 'orders-create', NULL, NULL, NULL),
(64, 32, 'ar', 'إضافة الطلبات', NULL, NULL, NULL),
(65, 33, 'en', 'orders-edit', NULL, NULL, NULL),
(66, 33, 'ar', 'تعديل الطلبات', NULL, NULL, NULL),
(67, 34, 'en', 'orders-delete', NULL, NULL, NULL),
(68, 34, 'ar', 'حذف الطلبات', NULL, NULL, NULL),
(69, 35, 'en', 'cuisines-show', NULL, NULL, NULL),
(70, 35, 'ar', 'عرض المطابخ', NULL, NULL, NULL),
(71, 36, 'en', 'cuisines-create', NULL, NULL, NULL),
(72, 36, 'ar', 'إضافة المطابخ', NULL, NULL, NULL),
(73, 37, 'en', 'cuisines-edit', NULL, NULL, NULL),
(74, 37, 'ar', 'تعديل المطابخ', NULL, NULL, NULL),
(75, 38, 'en', 'cuisines-delete', NULL, NULL, NULL),
(76, 38, 'ar', 'حذف المطابخ', NULL, NULL, NULL),
(77, 39, 'en', 'banners-show', NULL, NULL, NULL),
(78, 39, 'ar', 'عرض الإعلانات', NULL, NULL, NULL),
(79, 40, 'en', 'banners-create', NULL, NULL, NULL),
(80, 40, 'ar', 'إضافة الإعلانات', NULL, NULL, NULL),
(81, 41, 'en', 'banners-edit', NULL, NULL, NULL),
(82, 41, 'ar', 'تعديل الإعلانات', NULL, NULL, NULL),
(83, 42, 'en', 'banners-delete', NULL, NULL, NULL),
(84, 42, 'ar', 'حذف الإعلانات', NULL, NULL, NULL),
(85, 43, 'en', 'contacts-show', NULL, NULL, NULL),
(86, 43, 'ar', 'عرض الرسائل', NULL, NULL, NULL),
(87, 44, 'en', 'contacts-edit', NULL, NULL, NULL),
(88, 44, 'ar', 'تعديل الرسائل', NULL, NULL, NULL),
(89, 45, 'en', 'contacts-delete', NULL, NULL, NULL),
(90, 45, 'ar', 'حذف الرسائل', NULL, NULL, NULL),
(91, 46, 'en', 'join requests-show', NULL, NULL, NULL),
(92, 46, 'ar', 'عرض طلبات الإنضمام', NULL, NULL, NULL),
(93, 47, 'en', 'join requests-edit', NULL, NULL, NULL),
(94, 47, 'ar', 'تعديل طلبات الإنضمام', NULL, NULL, NULL),
(95, 48, 'en', 'join requests-delete', NULL, NULL, NULL),
(96, 48, 'ar', 'حذف طلبات الإنضمام', NULL, NULL, NULL),
(97, 49, 'en', 'pages-show', NULL, NULL, NULL),
(98, 49, 'ar', 'عرض الصفحات', NULL, NULL, NULL),
(99, 50, 'en', 'pages-edit', NULL, NULL, NULL),
(100, 50, 'ar', 'تعديل الصفحات', NULL, NULL, NULL),
(101, 51, 'en', 'notifications-show', NULL, NULL, NULL),
(102, 51, 'ar', 'عرض الإشعارات', NULL, NULL, NULL),
(103, 52, 'en', 'notifications-create', NULL, NULL, NULL),
(104, 52, 'ar', 'إضافة الإشعارات', NULL, NULL, NULL),
(105, 53, 'en', 'logs-show', NULL, NULL, NULL),
(106, 53, 'ar', 'عرض أرشيف النشاطات', NULL, NULL, NULL),
(107, 54, 'en', 'logs-delete', NULL, NULL, NULL),
(108, 54, 'ar', 'حذف أرشيف النشاطات', NULL, NULL, NULL),
(109, 55, 'en', 'roles-show', NULL, NULL, NULL),
(110, 55, 'ar', 'عرض المسميات الوظيفية', NULL, NULL, NULL),
(111, 56, 'en', 'roles-create', NULL, NULL, NULL),
(112, 56, 'ar', 'إضافة المسميات الوظيفية', NULL, NULL, NULL),
(113, 57, 'en', 'roles-edit', NULL, NULL, NULL),
(114, 57, 'ar', 'تعديل المسميات الوظيفية', NULL, NULL, NULL),
(115, 58, 'en', 'roles-delete', NULL, NULL, NULL),
(116, 58, 'ar', 'حذف المسميات الوظيفية', NULL, NULL, NULL),
(117, 59, 'en', 'settings-show', NULL, NULL, NULL),
(118, 59, 'ar', 'عرض الإعدادات', NULL, NULL, NULL),
(119, 60, 'en', 'settings-edit', NULL, NULL, NULL),
(120, 60, 'ar', 'تعديل الإعدادات', NULL, NULL, NULL);

-- --------------------------------------------------------

--
-- Table structure for table `promo_codes`
--

CREATE TABLE `promo_codes` (
  `id` bigint(20) UNSIGNED NOT NULL,
  `name` varchar(191) COLLATE utf8mb4_unicode_ci NOT NULL,
  `amount` double NOT NULL,
  `max_usage` int(11) DEFAULT NULL,
  `count_usage` int(11) NOT NULL DEFAULT 0,
  `end_date` date NOT NULL,
  `user_id` int(11) DEFAULT NULL COMMENT '0->all restaurants',
  `discount_type` int(11) NOT NULL COMMENT '0->percentage , 1->amount',
  `status` enum('active','not_active') COLLATE utf8mb4_unicode_ci NOT NULL,
  `created_at` timestamp NOT NULL DEFAULT current_timestamp(),
  `updated_at` timestamp NULL DEFAULT NULL ON UPDATE current_timestamp(),
  `deleted_at` timestamp NULL DEFAULT NULL
) ENGINE=InnoDB DEFAULT CHARSET=utf8mb4 COLLATE=utf8mb4_unicode_ci;

--
-- Dumping data for table `promo_codes`
--

INSERT INTO `promo_codes` (`id`, `name`, `amount`, `max_usage`, `count_usage`, `end_date`, `user_id`, `discount_type`, `status`, `created_at`, `updated_at`, `deleted_at`) VALUES
(1, '1', 1, 1, 0, '2022-08-22', 0, 1, 'active', '2022-08-14 06:39:01', '2022-08-23 06:28:53', NULL),
(2, '2', 2, 2, 0, '2022-08-24', 0, 0, 'active', '2022-08-14 06:39:01', '2022-08-23 06:28:40', NULL),
(3, 'hexa', 10, 102, 33, '2022-09-09', NULL, 0, 'active', '2022-08-14 03:58:13', '2022-08-25 03:18:57', NULL),
(4, 'admin', 11, NULL, 0, '2022-08-25', NULL, 0, 'not_active', '2022-08-14 04:07:18', '2022-08-29 05:57:26', NULL),
(5, 'Damian Collier', 69, 22, 0, '2030-05-30', NULL, 1, 'not_active', '2022-08-23 06:30:15', '2022-08-23 09:25:56', '2022-08-23 09:25:56'),
(6, 'Grady Oliver', 63, 8, 0, '2023-07-19', 0, 0, 'not_active', '2022-08-29 06:01:05', '2022-08-29 06:01:16', '2022-08-29 06:01:16');

-- --------------------------------------------------------

--
-- Table structure for table `promo_code_users`
--

CREATE TABLE `promo_code_users` (
  `id` bigint(20) UNSIGNED NOT NULL,
  `promo_code_id` int(11) NOT NULL,
  `user_id` int(11) NOT NULL,
  `created_at` timestamp NOT NULL DEFAULT current_timestamp(),
  `updated_at` timestamp NULL DEFAULT NULL ON UPDATE current_timestamp(),
  `deleted_at` timestamp NULL DEFAULT NULL
) ENGINE=InnoDB DEFAULT CHARSET=utf8mb4 COLLATE=utf8mb4_unicode_ci;

--
-- Dumping data for table `promo_code_users`
--

INSERT INTO `promo_code_users` (`id`, `promo_code_id`, `user_id`, `created_at`, `updated_at`, `deleted_at`) VALUES
(26, 3, 3, '2022-08-22 07:30:15', NULL, NULL),
(27, 4, 3, '2022-08-22 07:32:32', NULL, NULL),
(28, 0, 3, '2022-08-23 09:30:15', NULL, NULL),
(29, 0, 4, '2022-08-23 09:30:15', NULL, NULL),
(30, 5, 3, '2022-08-23 12:25:45', NULL, NULL);

-- --------------------------------------------------------

--
-- Table structure for table `restaurant_busines_hours`
--

CREATE TABLE `restaurant_busines_hours` (
  `id` int(11) NOT NULL,
  `user_id` int(11) NOT NULL,
  `from` time DEFAULT NULL,
  `to` time DEFAULT NULL,
  `day` int(11) NOT NULL COMMENT '0->sunday to 6->saturday',
  `created_at` timestamp NOT NULL DEFAULT current_timestamp(),
  `updated_at` timestamp NULL DEFAULT NULL,
  `deleted_at` timestamp NULL DEFAULT NULL
) ENGINE=InnoDB DEFAULT CHARSET=utf8mb4;

--
-- Dumping data for table `restaurant_busines_hours`
--

INSERT INTO `restaurant_busines_hours` (`id`, `user_id`, `from`, `to`, `day`, `created_at`, `updated_at`, `deleted_at`) VALUES
(3, 3, '09:55:00', '09:57:00', 6, '2022-08-15 03:51:44', '2022-08-15 04:37:08', '2022-08-15 04:37:08'),
(7, 3, '10:42:00', '10:40:00', 0, '2022-08-15 04:37:00', '2022-08-15 04:39:35', '2022-08-15 04:39:35'),
(8, 3, '00:39:00', '10:45:00', 6, '2022-08-15 04:39:21', '2022-08-28 09:30:49', NULL),
(9, 3, '10:42:00', '10:45:00', 1, '2022-08-15 04:39:30', '2022-08-22 09:53:37', '2022-08-22 09:53:37'),
(10, 1, '10:48:00', '02:45:00', 6, '2022-08-15 04:45:26', '2022-08-15 04:45:26', NULL),
(11, 1, '10:51:00', '04:45:00', 0, '2022-08-15 04:45:26', '2022-08-15 04:45:26', NULL),
(12, 13, '14:32:00', '03:23:00', 6, '2022-08-18 08:02:52', '2022-08-18 08:02:52', NULL),
(13, 3, '11:21:00', '16:43:00', 0, '2022-08-21 05:00:38', '2022-08-28 09:30:49', NULL),
(14, 3, '08:08:00', '21:09:00', 3, '2022-08-23 02:15:16', '2022-08-28 09:30:49', NULL),
(15, 3, '07:07:00', '18:06:00', 4, '2022-08-23 02:15:16', '2022-08-28 09:30:49', NULL),
(16, 4, '03:03:00', '21:09:00', 6, '2022-08-23 03:35:12', '2022-08-29 09:03:35', NULL),
(17, 3, '05:30:00', '18:30:00', 1, '2022-08-28 09:30:49', '2022-08-28 09:30:49', NULL),
(18, 4, '16:51:00', '13:56:00', 0, '2022-08-29 07:51:43', '2022-08-29 07:51:57', '2022-08-29 07:51:57'),
(19, 4, '18:52:00', '13:57:00', 1, '2022-08-29 07:51:57', '2022-08-29 07:53:26', '2022-08-29 07:53:26'),
(20, 4, '13:55:00', '17:52:00', 0, '2022-08-29 07:52:16', '2022-08-29 07:52:29', '2022-08-29 07:52:29'),
(21, 4, '13:57:00', '13:57:00', 2, '2022-08-29 07:52:57', '2022-08-29 09:03:35', NULL);

-- --------------------------------------------------------

--
-- Table structure for table `roles`
--

CREATE TABLE `roles` (
  `id` bigint(20) UNSIGNED NOT NULL,
  `slug` varchar(191) COLLATE utf8mb4_unicode_ci NOT NULL,
  `created_at` timestamp NULL DEFAULT NULL,
  `updated_at` timestamp NULL DEFAULT NULL,
  `deleted_at` timestamp NULL DEFAULT NULL
) ENGINE=InnoDB DEFAULT CHARSET=utf8mb4 COLLATE=utf8mb4_unicode_ci;

--
-- Dumping data for table `roles`
--

INSERT INTO `roles` (`id`, `slug`, `created_at`, `updated_at`, `deleted_at`) VALUES
(1, '', '2022-08-28 08:18:01', '2022-08-28 08:18:01', NULL);

-- --------------------------------------------------------

--
-- Table structure for table `role_permissions`
--

CREATE TABLE `role_permissions` (
  `id` bigint(20) UNSIGNED NOT NULL,
  `role_id` int(11) NOT NULL,
  `permission_id` int(11) NOT NULL,
  `created_at` timestamp NULL DEFAULT NULL,
  `updated_at` timestamp NULL DEFAULT NULL,
  `deleted_at` timestamp NULL DEFAULT NULL
) ENGINE=InnoDB DEFAULT CHARSET=utf8mb4 COLLATE=utf8mb4_unicode_ci;

--
-- Dumping data for table `role_permissions`
--

INSERT INTO `role_permissions` (`id`, `role_id`, `permission_id`, `created_at`, `updated_at`, `deleted_at`) VALUES
(1, 1, 1, NULL, NULL, NULL),
(2, 1, 2, NULL, NULL, NULL),
(3, 1, 3, NULL, NULL, NULL),
(4, 1, 4, NULL, NULL, NULL),
(5, 1, 5, NULL, NULL, NULL),
(6, 1, 6, NULL, NULL, NULL),
(7, 1, 7, NULL, NULL, NULL),
(8, 1, 8, NULL, NULL, NULL),
(9, 1, 9, NULL, NULL, NULL),
(10, 1, 10, NULL, NULL, NULL),
(11, 1, 11, NULL, NULL, NULL),
(12, 1, 12, NULL, NULL, NULL),
(13, 1, 13, NULL, NULL, NULL),
(14, 1, 14, NULL, NULL, NULL),
(15, 1, 15, NULL, NULL, NULL),
(16, 1, 16, NULL, NULL, NULL),
(17, 1, 17, NULL, NULL, NULL),
(18, 1, 18, NULL, NULL, NULL),
(19, 1, 19, NULL, NULL, NULL),
(20, 1, 20, NULL, NULL, NULL),
(21, 1, 21, NULL, NULL, NULL),
(22, 1, 22, NULL, NULL, NULL),
(23, 1, 23, NULL, NULL, NULL),
(24, 1, 24, NULL, NULL, NULL),
(25, 1, 25, NULL, NULL, NULL),
(26, 1, 26, NULL, NULL, NULL),
(27, 1, 27, NULL, NULL, NULL),
(28, 1, 28, NULL, NULL, NULL),
(29, 1, 29, NULL, NULL, NULL),
(30, 1, 30, NULL, NULL, NULL),
(31, 1, 31, NULL, NULL, NULL),
(32, 1, 32, NULL, NULL, NULL),
(33, 1, 33, NULL, NULL, NULL),
(34, 1, 34, NULL, NULL, NULL),
(35, 1, 35, NULL, NULL, NULL),
(36, 1, 36, NULL, NULL, NULL),
(37, 1, 37, NULL, NULL, NULL),
(38, 1, 38, NULL, NULL, NULL),
(39, 1, 39, NULL, NULL, NULL),
(40, 1, 40, NULL, NULL, NULL),
(41, 1, 41, NULL, NULL, NULL),
(42, 1, 42, NULL, NULL, NULL),
(43, 1, 43, NULL, NULL, NULL),
(44, 1, 44, NULL, NULL, NULL),
(45, 1, 45, NULL, NULL, NULL),
(46, 1, 46, NULL, NULL, NULL),
(47, 1, 47, NULL, NULL, NULL),
(48, 1, 48, NULL, NULL, NULL),
(49, 1, 49, NULL, NULL, NULL),
(50, 1, 50, NULL, NULL, NULL),
(51, 1, 51, NULL, NULL, NULL),
(52, 1, 52, NULL, NULL, NULL),
(53, 1, 53, NULL, NULL, NULL),
(54, 1, 54, NULL, NULL, NULL),
(55, 1, 55, NULL, NULL, NULL),
(56, 1, 56, NULL, NULL, NULL),
(57, 1, 57, NULL, NULL, NULL),
(58, 1, 58, NULL, NULL, NULL),
(59, 1, 59, NULL, NULL, NULL),
(60, 1, 60, NULL, NULL, NULL);

-- --------------------------------------------------------

--
-- Table structure for table `role_translations`
--

CREATE TABLE `role_translations` (
  `id` bigint(20) UNSIGNED NOT NULL,
  `role_id` int(11) NOT NULL,
  `locale` varchar(191) COLLATE utf8mb4_unicode_ci NOT NULL,
  `name` varchar(191) COLLATE utf8mb4_unicode_ci NOT NULL,
  `created_at` timestamp NULL DEFAULT NULL,
  `updated_at` timestamp NULL DEFAULT NULL,
  `deleted_at` timestamp NULL DEFAULT NULL
) ENGINE=InnoDB DEFAULT CHARSET=utf8mb4 COLLATE=utf8mb4_unicode_ci;

--
-- Dumping data for table `role_translations`
--

INSERT INTO `role_translations` (`id`, `role_id`, `locale`, `name`, `created_at`, `updated_at`, `deleted_at`) VALUES
(1, 1, 'en', 'admins', '2022-08-28 08:18:01', '2022-08-28 08:18:01', NULL),
(2, 1, 'ar', 'المدراء', '2022-08-28 08:18:01', '2022-08-28 08:18:01', NULL);

-- --------------------------------------------------------

--
-- Table structure for table `settings`
--

CREATE TABLE `settings` (
  `id` bigint(20) UNSIGNED NOT NULL,
  `google_play_url` varchar(191) COLLATE utf8mb4_unicode_ci DEFAULT NULL,
  `app_store_url` varchar(191) COLLATE utf8mb4_unicode_ci DEFAULT NULL,
  `paginateTotal` int(11) NOT NULL,
  `login_image` varchar(191) COLLATE utf8mb4_unicode_ci NOT NULL,
  `info_email` varchar(191) COLLATE utf8mb4_unicode_ci NOT NULL,
  `mobile` varchar(191) COLLATE utf8mb4_unicode_ci NOT NULL,
  `twitter` varchar(191) COLLATE utf8mb4_unicode_ci NOT NULL,
  `instagram` varchar(191) COLLATE utf8mb4_unicode_ci NOT NULL,
  `is_maintenance_mode` enum('0','1') COLLATE utf8mb4_unicode_ci NOT NULL COMMENT '0->off 1->on',
  `is_allow_register` enum('0','1') COLLATE utf8mb4_unicode_ci NOT NULL COMMENT '0->off 1->on',
  `is_allow_login` enum('0','1') COLLATE utf8mb4_unicode_ci NOT NULL COMMENT '0->off 1->on',
  `is_allow_buy` enum('0','1') COLLATE utf8mb4_unicode_ci NOT NULL COMMENT '0->off 1->on',
  `created_at` timestamp NULL DEFAULT NULL,
  `updated_at` timestamp NULL DEFAULT NULL,
  `deleted_at` timestamp NULL DEFAULT NULL
) ENGINE=InnoDB DEFAULT CHARSET=utf8mb4 COLLATE=utf8mb4_unicode_ci;

--
-- Dumping data for table `settings`
--

INSERT INTO `settings` (`id`, `google_play_url`, `app_store_url`, `paginateTotal`, `login_image`, `info_email`, `mobile`, `twitter`, `instagram`, `is_maintenance_mode`, `is_allow_register`, `is_allow_login`, `is_allow_buy`, `created_at`, `updated_at`, `deleted_at`) VALUES
(1, 'https://play.google.com', 'https://www.apple.com/app-store', 12, 'z9ZxpCqiS3tCKci28076021661160989_1664951.jpg', 'yammak@yammk.com', '12345678', 'https://twitter.com', 'https://instagram.com', '0', '1', '1', '1', '0000-00-00 00:00:00', '2022-08-29 09:01:08', NULL);

-- --------------------------------------------------------

--
-- Table structure for table `setting_translations`
--

CREATE TABLE `setting_translations` (
  `id` bigint(20) UNSIGNED NOT NULL,
  `locale` varchar(191) COLLATE utf8mb4_unicode_ci NOT NULL,
  `setting_id` int(10) UNSIGNED NOT NULL,
  `created_at` timestamp NULL DEFAULT NULL,
  `updated_at` timestamp NULL DEFAULT NULL,
  `deleted_at` timestamp NULL DEFAULT NULL
) ENGINE=InnoDB DEFAULT CHARSET=utf8mb4 COLLATE=utf8mb4_unicode_ci;

-- --------------------------------------------------------

--
-- Table structure for table `subadmins`
--

CREATE TABLE `subadmins` (
  `id` bigint(20) UNSIGNED NOT NULL,
  `email` varchar(191) COLLATE utf8mb4_unicode_ci DEFAULT NULL,
  `image` varchar(191) COLLATE utf8mb4_unicode_ci DEFAULT NULL,
  `mobile` varchar(191) COLLATE utf8mb4_unicode_ci DEFAULT NULL,
  `password` varchar(191) COLLATE utf8mb4_unicode_ci NOT NULL,
  `remember_token` varchar(191) COLLATE utf8mb4_unicode_ci DEFAULT NULL,
  `type` enum('2','3') COLLATE utf8mb4_unicode_ci NOT NULL COMMENT '2->restaurant , 3->truck',
  `latitude` varchar(191) COLLATE utf8mb4_unicode_ci DEFAULT NULL,
  `longitude` varchar(191) COLLATE utf8mb4_unicode_ci DEFAULT NULL,
  `opening_status` enum('1','2','3') COLLATE utf8mb4_unicode_ci NOT NULL DEFAULT '1' COMMENT '1->open , 2->crowded , 3->closed',
  `branch_name` varchar(191) COLLATE utf8mb4_unicode_ci DEFAULT NULL,
  `supplier_code` varchar(191) COLLATE utf8mb4_unicode_ci DEFAULT NULL,
  `accept_pick_up` enum('1','0') COLLATE utf8mb4_unicode_ci NOT NULL DEFAULT '1' COMMENT '1->yes , 0->no',
  `status` enum('active','not_active') COLLATE utf8mb4_unicode_ci NOT NULL,
  `created_at` timestamp NOT NULL DEFAULT current_timestamp(),
  `updated_at` timestamp NULL DEFAULT NULL ON UPDATE current_timestamp(),
  `deleted_at` timestamp NULL DEFAULT NULL
) ENGINE=InnoDB DEFAULT CHARSET=utf8mb4 COLLATE=utf8mb4_unicode_ci;

--
-- Dumping data for table `subadmins`
--

INSERT INTO `subadmins` (`id`, `email`, `image`, `mobile`, `password`, `remember_token`, `type`, `latitude`, `longitude`, `opening_status`, `branch_name`, `supplier_code`, `accept_pick_up`, `status`, `created_at`, `updated_at`, `deleted_at`) VALUES
(3, 'provider@provider.com', 'NX4pufQ88NsLdP394821291661664078_9196944.png', '1241232122', '$2y$10$2RncNRmVkWbZwj3gdpjXxubVPlA0m4gENZyBg27hTZ.I02r3twOpi', NULL, '2', '31.73367752968008', '34.88661812499999', '2', '123', '1', '0', 'active', '2022-08-21 04:27:37', '2022-08-29 07:07:19', NULL),
(4, 'p@p.com', '8fXilejnwKL6G7r19570181661070504_3993281.png', '12312343431', '$2y$10$E5l4UCxEVzFnC1qZ12Mvlua/uril979BqPUhkz0UBuAQpfoZw0urC', NULL, '3', '29.47901429207847', '47.45818940625', '1', 'qw', '1', '1', 'active', '2022-08-21 05:28:24', '2022-08-29 07:53:56', NULL),
(5, 'mety@mailinator.com', 'MlWsCpIg2PFsRAc79044791661236081_7725543.jpg', '12334443', '$2y$10$K4ZwOYwq6v33iUIqeDmba.rAYmgJNoF5X727MgLVRQK96EouFFcAq', NULL, '3', '33.19383938349453', '43.21746675', '3', 'Savannah Valencia', '1', '1', 'not_active', '2022-08-23 03:28:02', '2022-08-29 03:22:08', NULL),
(6, 'fizekok@mailinator.com', 'TtIU3U6FM9NKqFv42906561661418029_1833280.png', '53443325', '$2y$10$w4El/iUgX9u1QrjDfqA/eO8PtonjibPqQN1H6OvDTITYxormtDTuK', NULL, '2', '29.287554160887296', '47.611998', '1', 'Otto Johns', '1', '1', 'not_active', '2022-08-25 06:00:30', '2022-08-28 09:29:09', NULL),
(7, 'raqezedo@mailinator.com', 'NOCx5xtZXCs47jv32860841661754652_5371730.png', '12312344', '$2y$10$Md9C.qXsdjvbGbXXbGF4wekBA4cxNFNTORjTKSboNXpLFuORZaWsy', NULL, '2', '29.74645170344167', '47.43621675', '2', 'Hamilton Burt', 'Sed quod reprehender', '1', 'active', '2022-08-29 03:30:53', '2022-08-29 03:32:13', '2022-08-29 03:32:13');

-- --------------------------------------------------------

--
-- Table structure for table `subadmin_translations`
--

CREATE TABLE `subadmin_translations` (
  `id` bigint(20) UNSIGNED NOT NULL,
  `subadmin_id` int(11) NOT NULL,
  `locale` varchar(191) COLLATE utf8mb4_unicode_ci NOT NULL,
  `name` varchar(191) COLLATE utf8mb4_unicode_ci DEFAULT NULL,
  `description` varchar(191) COLLATE utf8mb4_unicode_ci DEFAULT NULL,
  `created_at` timestamp NOT NULL DEFAULT current_timestamp(),
  `updated_at` timestamp NULL DEFAULT NULL ON UPDATE current_timestamp(),
  `deleted_at` timestamp NULL DEFAULT NULL
) ENGINE=InnoDB DEFAULT CHARSET=utf8mb4 COLLATE=utf8mb4_unicode_ci;

--
-- Dumping data for table `subadmin_translations`
--

INSERT INTO `subadmin_translations` (`id`, `subadmin_id`, `locale`, `name`, `description`, `created_at`, `updated_at`, `deleted_at`) VALUES
(1, 3, 'en', 'taulandi', 'sasasa', '2022-08-21 04:27:37', '2022-08-21 04:27:37', NULL),
(2, 3, 'ar', 'مطعم التايلندي', 'سييسيس', '2022-08-21 04:27:37', '2022-08-21 04:27:37', NULL),
(3, 4, 'en', 'palmera', 'palmera palmera palmera palmera palmera', '2022-08-21 05:28:24', '2022-08-21 05:28:24', NULL),
(4, 4, 'ar', 'بالميرا', 'بالميرا بالميرا بالميرا بالميرا بالميرا بالميرا بالميرا بالميرا بالميرا', '2022-08-21 05:28:24', '2022-08-21 05:28:24', NULL),
(5, 5, 'en', 'Velma Chen', 'Illo cupiditate sint anim qui', '2022-08-23 03:28:02', '2022-08-23 03:28:02', NULL),
(6, 5, 'ar', 'السلام', 'السلام السلام السلام السلام السلام السلام السلام السلام السلام السلام السلام السلام السلام السلام', '2022-08-23 03:28:02', '2022-08-23 03:28:02', NULL),
(7, 6, 'en', 'Maxine Cameron', 'Architecto eos et ullam porro dolor tempor ad ullamco in non omnis qui inventore dolorem omnis ut', '2022-08-25 06:00:30', '2022-08-25 06:00:30', NULL),
(8, 6, 'ar', 'Larissa Griffin', 'Fugiat repudiandae modi sint aliqua Nihil labore aut', '2022-08-25 06:00:30', '2022-08-25 06:00:30', NULL),
(9, 7, 'en', 'Dara Hancock', 'Et ex sint tenetur praesentium recusandae A sint et beatae aut aliqua Voluptas sint ut rerum', '2022-08-29 03:30:53', '2022-08-29 03:30:53', NULL),
(10, 7, 'ar', 'Justin Murray', 'Tempora amet ex officia rem rerum neque perferendis dolore non rerum autem et porro aliquid ullamco ea sit cillum', '2022-08-29 03:30:53', '2022-08-29 03:30:53', NULL);

-- --------------------------------------------------------

--
-- Table structure for table `tokens`
--

CREATE TABLE `tokens` (
  `id` int(10) UNSIGNED NOT NULL,
  `user_id` int(11) NOT NULL,
  `fcm_token` text COLLATE utf8mb4_unicode_ci NOT NULL,
  `device_type` varchar(191) COLLATE utf8mb4_unicode_ci NOT NULL COMMENT '0->android , 1 ->ios',
  `accept` int(11) DEFAULT NULL,
  `lang` varchar(255) COLLATE utf8mb4_unicode_ci DEFAULT 'ar',
  `created_at` timestamp NULL DEFAULT NULL,
  `updated_at` timestamp NULL DEFAULT NULL,
  `deleted_at` timestamp NULL DEFAULT NULL
) ENGINE=InnoDB DEFAULT CHARSET=utf8mb4 COLLATE=utf8mb4_unicode_ci;

--
-- Dumping data for table `tokens`
--

INSERT INTO `tokens` (`id`, `user_id`, `fcm_token`, `device_type`, `accept`, `lang`, `created_at`, `updated_at`, `deleted_at`) VALUES
(93, 11, '123', '0', NULL, 'ar', '2022-08-08 09:57:51', '2022-08-16 04:01:14', NULL),
(94, 15, '123', '0', NULL, 'en', '2022-08-16 04:09:03', '2022-08-29 05:48:06', '2022-08-29 05:48:06');

-- --------------------------------------------------------

--
-- Table structure for table `users`
--

CREATE TABLE `users` (
  `id` bigint(20) UNSIGNED NOT NULL,
  `user_name` varchar(191) COLLATE utf8mb4_unicode_ci DEFAULT NULL,
  `email` varchar(191) COLLATE utf8mb4_unicode_ci DEFAULT NULL,
  `mobile` varchar(191) COLLATE utf8mb4_unicode_ci DEFAULT NULL,
  `notifications` enum('1','0') COLLATE utf8mb4_unicode_ci DEFAULT '1' COMMENT '1->yes , 0->no',
  `status` enum('active','not_active') COLLATE utf8mb4_unicode_ci NOT NULL,
  `email_verified_at` timestamp NULL DEFAULT NULL,
  `password` varchar(191) COLLATE utf8mb4_unicode_ci NOT NULL,
  `type` enum('1','2','3') COLLATE utf8mb4_unicode_ci NOT NULL COMMENT '1->user , 2->restaurant , 3->truck',
  `remember_token` varchar(100) COLLATE utf8mb4_unicode_ci DEFAULT NULL,
  `image` varchar(191) COLLATE utf8mb4_unicode_ci DEFAULT NULL,
  `is_deleted` enum('1','0') COLLATE utf8mb4_unicode_ci NOT NULL DEFAULT '0' COMMENT '1->yes , 0->no',
  `created_at` timestamp NOT NULL DEFAULT current_timestamp(),
  `updated_at` timestamp NULL DEFAULT NULL ON UPDATE current_timestamp(),
  `deleted_at` timestamp NULL DEFAULT NULL
) ENGINE=InnoDB DEFAULT CHARSET=utf8mb4 COLLATE=utf8mb4_unicode_ci;

--
-- Dumping data for table `users`
--

INSERT INTO `users` (`id`, `user_name`, `email`, `mobile`, `notifications`, `status`, `email_verified_at`, `password`, `type`, `remember_token`, `image`, `is_deleted`, `created_at`, `updated_at`, `deleted_at`) VALUES
(11, 'Mahmoud Omar', 'b@b.com', '12345578', '1', 'active', NULL, '$2y$10$xJp2HcV9FGK8TZnVZ3kyuOjZ.9b5oQS/5mvBRqX9sk/vsXq0KtIGS', '1', NULL, NULL, '0', '2022-08-16 02:59:24', '2022-08-23 06:18:36', NULL),
(14, 'mahmoud', 'a@a.com', '123456789', '1', 'active', NULL, '$2y$10$9hG7NKvdXMx3puvdC6o46.7CorIVsxdTWn4bwvscmyB78e3EHC27i', '1', NULL, NULL, '0', '2022-08-16 03:56:17', '2022-08-23 08:35:08', NULL),
(15, 'mahmoud tabaza', 'mahmoud2122000ta@gmail.com', '12345678910', '1', 'not_active', NULL, '$2y$10$bSx8YY7RuNUxyU9tWsxJQuKE9lQWX6yOPGY52q0CuyCFk.dCVZQSe', '1', NULL, NULL, '0', '2022-08-16 08:52:37', '2022-08-29 08:51:17', NULL),
(18, 'mahmoud', 'n@n.com', '12345678', '1', 'not_active', NULL, '$2y$10$fF9.qWX/tPDm6AylAvTmfuyyEFrZZ5bo8hYR2FGmaFtw4dSijBkRq', '1', NULL, NULL, '0', '2022-08-18 09:48:16', '2022-08-23 06:24:21', NULL),
(19, 'lubefab', 'xonawys@mailinator.com', '12346521', '0', 'active', NULL, '$2y$10$H3sy88bBWzStMfNsqbp3uePj2K/oHTeLbyGIvlypb7zHeivXP5.sC', '1', NULL, NULL, '0', '2022-08-23 07:52:12', '2022-08-29 05:54:09', NULL),
(20, 'saladufy', 'cywoh@mailinator.com', '43434343', '0', 'not_active', NULL, '$2y$10$SUIifYU4lzXb7u6gs/zTHerykp.3C6O9bY7.mEPYaJcg4fiwtFFNa', '1', NULL, NULL, '0', '2022-08-23 07:54:03', '2022-08-23 07:54:03', NULL),
(21, 'zygewidiv', 'sibelyf@mailinator.com', '12121212', '1', 'active', NULL, '$2y$10$WbM4FfJECmxpQuGJAgcG8e8ANJimtGRNYjZ.nheFklx4Iq1zt7tL2', '1', NULL, NULL, '0', '2022-08-23 07:56:27', '2022-08-23 08:43:03', NULL),
(22, 'febigytyqi', 'dony@mailinator.com', '43443434', '1', 'not_active', NULL, '$2y$10$/9hjlLbaXZfn9e8GWccrKuK2FbJ/4n2DY5i28vunZ5quGHbr5hR8m', '1', NULL, NULL, '0', '2022-08-23 07:57:27', '2022-08-29 05:55:04', NULL),
(23, 'fixemobyz', 'xijy@mailinator.com', '123132123', '0', 'not_active', NULL, '$2y$10$a8Sx66XJkGBEzYII7zFlUu2ps5VhE68FHoMGHc4d5mMxAJRIXGBgK', '1', NULL, NULL, '0', '2022-08-29 05:56:30', '2022-08-29 05:56:39', '2022-08-29 05:56:39');

-- --------------------------------------------------------

--
-- Table structure for table `user_cuisines`
--

CREATE TABLE `user_cuisines` (
  `id` bigint(20) UNSIGNED NOT NULL,
  `user_id` varchar(191) COLLATE utf8mb4_unicode_ci NOT NULL,
  `cuisine_id` varchar(191) COLLATE utf8mb4_unicode_ci NOT NULL,
  `created_at` timestamp NOT NULL DEFAULT current_timestamp(),
  `updated_at` timestamp NULL DEFAULT NULL ON UPDATE current_timestamp(),
  `deleted_at` timestamp NULL DEFAULT NULL
) ENGINE=InnoDB DEFAULT CHARSET=utf8mb4 COLLATE=utf8mb4_unicode_ci;

--
-- Dumping data for table `user_cuisines`
--

INSERT INTO `user_cuisines` (`id`, `user_id`, `cuisine_id`, `created_at`, `updated_at`, `deleted_at`) VALUES
(40, '5', '4', '2022-08-25 08:58:07', NULL, NULL),
(76, '6', '1', '2022-08-28 12:29:09', NULL, NULL),
(77, '6', '4', '2022-08-28 12:29:09', NULL, NULL),
(80, '7', '1', '2022-08-29 06:31:17', NULL, NULL),
(81, '7', '4', '2022-08-29 06:31:17', NULL, NULL),
(84, '3', '4', '2022-08-29 10:07:28', NULL, NULL),
(85, '3', '8', '2022-08-29 10:07:28', NULL, NULL),
(95, '4', '1', '2022-08-29 12:03:35', NULL, NULL),
(96, '4', '4', '2022-08-29 12:03:35', NULL, NULL);

-- --------------------------------------------------------

--
-- Table structure for table `user_images`
--

CREATE TABLE `user_images` (
  `id` bigint(20) UNSIGNED NOT NULL,
  `user_id` int(11) NOT NULL,
  `image` varchar(191) COLLATE utf8mb4_unicode_ci NOT NULL,
  `created_at` timestamp NOT NULL DEFAULT current_timestamp(),
  `updated_at` timestamp NULL DEFAULT NULL ON UPDATE current_timestamp(),
  `deleted_at` timestamp NULL DEFAULT NULL
) ENGINE=InnoDB DEFAULT CHARSET=utf8mb4 COLLATE=utf8mb4_unicode_ci;

--
-- Dumping data for table `user_images`
--

INSERT INTO `user_images` (`id`, `user_id`, `image`, `created_at`, `updated_at`, `deleted_at`) VALUES
(45, 3, 'J8Qo510T16610704132241648.jpg', '2022-08-21 05:26:53', '2022-08-21 05:26:53', NULL),
(46, 3, 'XERsI9g416610704133211187.jpg', '2022-08-21 05:26:53', '2022-08-21 05:26:53', NULL),
(47, 3, 'IcZeOaYm16610704136877647.jpg', '2022-08-21 05:26:53', '2022-08-21 05:26:53', NULL),
(48, 3, '1VWOlWjz16610704133063294.jpg', '2022-08-21 05:26:53', '2022-08-21 05:26:53', NULL),
(49, 3, 'fP71NP0Z16610704135566512.jpg', '2022-08-21 05:26:53', '2022-08-21 05:26:53', NULL),
(50, 4, 'A9pmk53U16610705044409317.jpg', '2022-08-21 05:28:25', '2022-08-21 05:28:25', NULL),
(51, 4, 'wy1okBZ816610705057997526.jpg', '2022-08-21 05:28:25', '2022-08-21 05:28:25', NULL),
(52, 4, 'yzlwADim16610705059476474.jpg', '2022-08-21 05:28:25', '2022-08-21 05:28:25', NULL),
(53, 4, 'kFTWKdH016610705052235323.jpg', '2022-08-21 05:28:25', '2022-08-21 05:28:25', NULL),
(54, 4, 'yspxdiwx16610705051453547.jpg', '2022-08-21 05:28:25', '2022-08-21 05:28:25', NULL),
(55, 4, 'w3ZwCNdO16610705057886175.jpg', '2022-08-21 05:28:25', '2022-08-21 05:28:25', NULL),
(56, 4, 'edhUd7lK16610705052442577.jpg', '2022-08-21 05:28:26', '2022-08-21 05:28:26', NULL),
(57, 3, '8c37QVeB16611561324368976.jpg', '2022-08-22 05:15:33', '2022-08-22 05:15:33', NULL),
(58, 5, 'Y8BOSjnT16612360825691107.jpg', '2022-08-23 03:28:02', '2022-08-23 03:28:02', NULL),
(59, 5, 'HP8CINVl16612360829949306.jpg', '2022-08-23 03:28:02', '2022-08-23 03:28:02', NULL),
(60, 5, 'jZWVPms116612360823667775.jpg', '2022-08-23 03:28:02', '2022-08-23 03:28:02', NULL),
(61, 5, 'L3cj6r4D16612360826095831.jpg', '2022-08-23 03:28:02', '2022-08-23 03:28:02', NULL),
(62, 5, 'sJqN85mf16612360821920544.jpg', '2022-08-23 03:28:02', '2022-08-23 03:28:02', NULL),
(63, 5, '98cOhJZt16612360829498014.jpg', '2022-08-23 03:28:02', '2022-08-23 03:28:02', NULL),
(64, 6, 'Wg1lvYUN16614180303824847.jpg', '2022-08-25 06:00:30', '2022-08-25 06:00:30', NULL),
(65, 6, 'Kmq7BdSF16614180306592306.jpg', '2022-08-25 06:00:30', '2022-08-25 06:00:30', NULL),
(66, 6, 'r5muYu5V16614180307357836.jpg', '2022-08-25 06:00:30', '2022-08-25 06:00:30', NULL),
(67, 6, 's1I1UsJZ16614180307596476.jpg', '2022-08-25 06:00:30', '2022-08-25 06:00:30', NULL),
(68, 6, 'xOM8vmpL16614180315741511.jpg', '2022-08-25 06:00:31', '2022-08-25 06:00:31', NULL),
(69, 6, 'ubbOGHkk16614180313445196.jpg', '2022-08-25 06:00:31', '2022-08-25 06:00:31', NULL),
(70, 6, 'azWIGMhQ16614180315558837.jpg', '2022-08-25 06:00:31', '2022-08-25 06:00:31', NULL),
(71, 7, 'USLLSDBb16617546531998417.jpg', '2022-08-29 03:30:53', '2022-08-29 03:30:53', NULL),
(72, 7, 'F1JrzJYn16617546537385318.jpg', '2022-08-29 03:30:53', '2022-08-29 03:30:53', NULL),
(73, 7, 'SkvYCSOe16617546532235202.jpg', '2022-08-29 03:30:53', '2022-08-29 03:30:53', NULL),
(74, 7, 'jFRFHk6X16617546538040521.jpg', '2022-08-29 03:30:54', '2022-08-29 03:30:54', NULL),
(75, 7, 'wUzPuOGk16617546548497942.jpg', '2022-08-29 03:30:54', '2022-08-29 03:30:54', NULL),
(76, 7, 'WO24NUM316617546542468895.jpg', '2022-08-29 03:30:54', '2022-08-29 03:30:54', NULL),
(77, 7, 'HDoDUUD016617546542487813.jpg', '2022-08-29 03:30:54', '2022-08-29 03:31:17', '2022-08-29 03:31:17'),
(78, 7, 'Ew7zcR0D16617546546804584.jpg', '2022-08-29 03:30:54', '2022-08-29 03:30:54', NULL),
(79, 7, '70eR6SPA16617546549617758.jpg', '2022-08-29 03:30:54', '2022-08-29 03:31:17', '2022-08-29 03:31:17');

-- --------------------------------------------------------

--
-- Table structure for table `user_searches`
--

CREATE TABLE `user_searches` (
  `id` bigint(20) UNSIGNED NOT NULL,
  `user_id` int(11) DEFAULT 0,
  `fcm_token` varchar(191) COLLATE utf8mb4_unicode_ci DEFAULT '0',
  `name` varchar(191) COLLATE utf8mb4_unicode_ci DEFAULT NULL,
  `created_at` timestamp NOT NULL DEFAULT current_timestamp(),
  `updated_at` timestamp NULL DEFAULT NULL ON UPDATE current_timestamp(),
  `deleted_at` timestamp NULL DEFAULT NULL
) ENGINE=InnoDB DEFAULT CHARSET=utf8mb4 COLLATE=utf8mb4_unicode_ci;

--
-- Dumping data for table `user_searches`
--

INSERT INTO `user_searches` (`id`, `user_id`, `fcm_token`, `name`, `created_at`, `updated_at`, `deleted_at`) VALUES
(1, 0, '123', 'بالميرا', '2022-08-18 08:46:29', '2022-08-18 08:49:14', '2022-08-18 08:49:14'),
(2, 0, '123', 'تاي', '2022-08-18 08:46:39', '2022-08-18 08:49:14', '2022-08-18 08:49:14'),
(3, 0, '123', 'تاي', '2022-08-18 08:50:05', '2022-08-18 09:02:42', '2022-08-18 09:02:42'),
(4, 0, '123', 'تاي', '2022-08-18 08:59:05', '2022-08-18 09:02:42', '2022-08-18 09:02:42'),
(5, 0, '123', 'تاي', '2022-08-18 08:59:07', '2022-08-18 09:02:42', '2022-08-18 09:02:42'),
(6, 0, '123', 'تاي', '2022-08-18 08:59:11', '2022-08-18 09:02:42', '2022-08-18 09:02:42'),
(7, 0, '123', 'بال', '2022-08-18 09:00:09', '2022-08-18 09:02:42', '2022-08-18 09:02:42'),
(8, 0, '123', 'بال', '2022-08-18 09:02:52', '2022-08-18 09:03:00', '2022-08-18 09:03:00'),
(9, 0, '123', 'بال', '2022-08-18 09:03:07', '2022-08-18 09:03:07', NULL),
(10, 0, '123', 'بال', '2022-08-21 05:10:22', '2022-08-21 05:10:22', NULL),
(11, 0, '123', 'تا', '2022-08-21 05:10:29', '2022-08-21 05:10:29', NULL);

-- --------------------------------------------------------

--
-- Table structure for table `user_translations`
--

CREATE TABLE `user_translations` (
  `id` bigint(20) UNSIGNED NOT NULL,
  `user_id` int(11) NOT NULL,
  `locale` varchar(191) COLLATE utf8mb4_unicode_ci NOT NULL,
  `name` varchar(191) COLLATE utf8mb4_unicode_ci DEFAULT NULL,
  `description` varchar(191) COLLATE utf8mb4_unicode_ci DEFAULT NULL,
  `created_at` timestamp NOT NULL DEFAULT current_timestamp(),
  `updated_at` timestamp NULL DEFAULT NULL ON UPDATE current_timestamp(),
  `deleted_at` timestamp NULL DEFAULT NULL
) ENGINE=InnoDB DEFAULT CHARSET=utf8mb4 COLLATE=utf8mb4_unicode_ci;

--
-- Dumping data for table `user_translations`
--

INSERT INTO `user_translations` (`id`, `user_id`, `locale`, `name`, `description`, `created_at`, `updated_at`, `deleted_at`) VALUES
(1, 1, 'en', 'tailandi', 'tailandi tailandi tailandi', '2022-08-07 08:19:30', NULL, NULL),
(2, 1, 'ar', 'مطعم التايلندي', 'مطعم التايلندي مطعم التايلندي مطعم التايلندي', '2022-08-07 08:19:30', '2022-08-08 04:10:57', NULL),
(3, 2, 'en', '1', '1', '2022-08-07 08:23:52', '2022-08-07 08:23:52', NULL),
(4, 2, 'ar', '1', '1', '2022-08-07 08:23:52', '2022-08-07 08:23:52', NULL),
(5, 3, 'en', '2', '1', '2022-08-07 08:25:28', '2022-08-08 02:37:18', NULL),
(6, 3, 'ar', '22', '12', '2022-08-07 08:25:28', '2022-08-07 08:25:28', NULL),
(7, 4, 'en', 'mahmoud', NULL, '2022-08-08 09:48:46', '2022-08-08 09:48:46', NULL),
(8, 5, 'en', 'mahmoud', NULL, '2022-08-08 09:55:07', '2022-08-08 09:55:07', NULL),
(9, 6, 'en', 'mahmoud', NULL, '2022-08-08 09:57:51', '2022-08-08 09:57:51', NULL),
(10, 7, 'en', 'palmera', '1', '2022-08-15 06:55:06', '2022-08-15 06:55:06', NULL),
(11, 7, 'ar', 'بالميرا', '1', '2022-08-15 06:55:06', '2022-08-15 06:55:06', NULL),
(12, 8, 'en', 'mahmoud', NULL, '2022-08-16 02:49:16', '2022-08-16 02:49:16', NULL),
(13, 9, 'en', 'mahmoud', NULL, '2022-08-16 02:54:15', '2022-08-16 02:54:15', NULL),
(14, 10, 'en', 'mahmoud', NULL, '2022-08-16 02:57:00', '2022-08-16 02:57:00', NULL),
(15, 12, 'en', 'tailandi', 'tailandi tailandi tailandi tailandi', '2022-08-16 03:02:15', '2022-08-16 03:02:15', NULL),
(16, 12, 'ar', 'مطعم التايلندي', 'مطعم التايلندي مطعم التايلندي مطعم التايلندي مطعم التايلندي', '2022-08-16 03:02:15', '2022-08-16 03:02:15', NULL),
(17, 13, 'en', 'palmera', 'palmera palmera palmera palmera palmera palmera', '2022-08-16 03:03:48', '2022-08-16 03:03:48', NULL),
(18, 13, 'ar', 'بالميرا', 'بالميرا بالميرا بالميرا بالميرا بالميرا بالميرا بالميرا بالميرا بالميرا بالميرا بالميرا', '2022-08-16 03:03:48', '2022-08-16 03:03:48', NULL),
(19, 11, 'en', 'Mahmoud Omar', NULL, '2022-08-16 03:50:02', '2022-08-16 03:50:02', NULL),
(20, 11, 'ar', NULL, NULL, '2022-08-16 08:32:13', '2022-08-16 08:32:13', NULL),
(21, 16, 'en', 'nusirat', 'nusirat nusirat nusirat nusirat nusirat nusirat nusirat nusirat nusirat nusirat nusirat nusirat nusirat nusirat nusirat nusirat nusirat nusirat', '2022-08-18 07:47:44', '2022-08-18 07:47:44', NULL),
(22, 16, 'ar', 'النصيرات', 'النصيرات النصيرات النصيرات النصيرات النصيرات النصيرات النصيرات النصيرات النصيرات النصيرات النصيرات النصيرات النصيرات', '2022-08-18 07:47:44', '2022-08-18 07:47:44', NULL),
(23, 17, 'en', 'khan yones', 'khan yones  khan yones  khan yones  khan yones  khan yones  khan yones  khan yones  khan yones  khan yones  khan yones  khan yones  khan yones  khan', '2022-08-18 07:51:56', '2022-08-18 07:51:56', NULL),
(24, 17, 'ar', 'خانيونس', 'خانيونس  خانيونس  خانيونس  خانيونس  خانيونس  خانيونس  خانيونس  خانيونس  خانيونس  خانيونس  خانيونس  خانيونس  خانيونس  خانيونس  خانيونس  خانيونس', '2022-08-18 07:51:56', '2022-08-18 07:51:56', NULL);

-- --------------------------------------------------------

--
-- Table structure for table `varification_codes`
--

CREATE TABLE `varification_codes` (
  `id` bigint(20) UNSIGNED NOT NULL,
  `user_id` varchar(191) COLLATE utf8mb4_unicode_ci NOT NULL,
  `code` varchar(191) COLLATE utf8mb4_unicode_ci NOT NULL,
  `created_at` timestamp NULL DEFAULT NULL,
  `updated_at` timestamp NULL DEFAULT NULL,
  `deleted_at` timestamp NULL DEFAULT NULL
) ENGINE=InnoDB DEFAULT CHARSET=utf8mb4 COLLATE=utf8mb4_unicode_ci;

-- --------------------------------------------------------

--
-- Table structure for table `websockets_statistics_entries`
--

CREATE TABLE `websockets_statistics_entries` (
  `id` int(10) UNSIGNED NOT NULL,
  `app_id` varchar(191) COLLATE utf8mb4_unicode_ci NOT NULL,
  `peak_connection_count` int(11) NOT NULL,
  `websocket_message_count` int(11) NOT NULL,
  `api_message_count` int(11) NOT NULL,
  `created_at` timestamp NULL DEFAULT NULL,
  `updated_at` timestamp NULL DEFAULT NULL
) ENGINE=InnoDB DEFAULT CHARSET=utf8mb4 COLLATE=utf8mb4_unicode_ci;

--
-- Indexes for dumped tables
--

--
-- Indexes for table `activity_log`
--
ALTER TABLE `activity_log`
  ADD PRIMARY KEY (`id`),
  ADD KEY `subject` (`subject_type`,`subject_id`),
  ADD KEY `causer` (`causer_type`,`causer_id`),
  ADD KEY `activity_log_log_name_index` (`log_name`);

--
-- Indexes for table `admins`
--
ALTER TABLE `admins`
  ADD PRIMARY KEY (`id`),
  ADD UNIQUE KEY `admins_email_unique` (`email`);

--
-- Indexes for table `admin_roles`
--
ALTER TABLE `admin_roles`
  ADD PRIMARY KEY (`id`);

--
-- Indexes for table `banners`
--
ALTER TABLE `banners`
  ADD PRIMARY KEY (`id`);

--
-- Indexes for table `carts`
--
ALTER TABLE `carts`
  ADD PRIMARY KEY (`id`);

--
-- Indexes for table `cart_extras`
--
ALTER TABLE `cart_extras`
  ADD PRIMARY KEY (`id`);

--
-- Indexes for table `cart_options`
--
ALTER TABLE `cart_options`
  ADD PRIMARY KEY (`id`);

--
-- Indexes for table `categories`
--
ALTER TABLE `categories`
  ADD PRIMARY KEY (`id`);

--
-- Indexes for table `category_translations`
--
ALTER TABLE `category_translations`
  ADD PRIMARY KEY (`id`),
  ADD KEY `category_translations_locale_index` (`locale`);

--
-- Indexes for table `contacts`
--
ALTER TABLE `contacts`
  ADD PRIMARY KEY (`id`);

--
-- Indexes for table `cuisines`
--
ALTER TABLE `cuisines`
  ADD PRIMARY KEY (`id`);

--
-- Indexes for table `cuisine_translations`
--
ALTER TABLE `cuisine_translations`
  ADD PRIMARY KEY (`id`);

--
-- Indexes for table `days`
--
ALTER TABLE `days`
  ADD PRIMARY KEY (`id`);

--
-- Indexes for table `day_translations`
--
ALTER TABLE `day_translations`
  ADD PRIMARY KEY (`id`);

--
-- Indexes for table `extras`
--
ALTER TABLE `extras`
  ADD PRIMARY KEY (`id`);

--
-- Indexes for table `extra_translations`
--
ALTER TABLE `extra_translations`
  ADD PRIMARY KEY (`id`);

--
-- Indexes for table `failed_jobs`
--
ALTER TABLE `failed_jobs`
  ADD PRIMARY KEY (`id`),
  ADD UNIQUE KEY `failed_jobs_uuid_unique` (`uuid`);

--
-- Indexes for table `join_requests`
--
ALTER TABLE `join_requests`
  ADD PRIMARY KEY (`id`);

--
-- Indexes for table `languages`
--
ALTER TABLE `languages`
  ADD PRIMARY KEY (`id`);

--
-- Indexes for table `language_translation`
--
ALTER TABLE `language_translation`
  ADD PRIMARY KEY (`id`);

--
-- Indexes for table `meals`
--
ALTER TABLE `meals`
  ADD PRIMARY KEY (`id`);

--
-- Indexes for table `meal_images`
--
ALTER TABLE `meal_images`
  ADD PRIMARY KEY (`id`);

--
-- Indexes for table `meal_translations`
--
ALTER TABLE `meal_translations`
  ADD PRIMARY KEY (`id`);

--
-- Indexes for table `migrations`
--
ALTER TABLE `migrations`
  ADD PRIMARY KEY (`id`);

--
-- Indexes for table `notifications`
--
ALTER TABLE `notifications`
  ADD PRIMARY KEY (`id`);

--
-- Indexes for table `notification_translations`
--
ALTER TABLE `notification_translations`
  ADD PRIMARY KEY (`id`);

--
-- Indexes for table `oauth_access_tokens`
--
ALTER TABLE `oauth_access_tokens`
  ADD PRIMARY KEY (`id`),
  ADD KEY `oauth_access_tokens_user_id_index` (`user_id`);

--
-- Indexes for table `oauth_auth_codes`
--
ALTER TABLE `oauth_auth_codes`
  ADD PRIMARY KEY (`id`),
  ADD KEY `oauth_auth_codes_user_id_index` (`user_id`);

--
-- Indexes for table `oauth_clients`
--
ALTER TABLE `oauth_clients`
  ADD PRIMARY KEY (`id`),
  ADD KEY `oauth_clients_user_id_index` (`user_id`);

--
-- Indexes for table `oauth_personal_access_clients`
--
ALTER TABLE `oauth_personal_access_clients`
  ADD PRIMARY KEY (`id`);

--
-- Indexes for table `oauth_refresh_tokens`
--
ALTER TABLE `oauth_refresh_tokens`
  ADD PRIMARY KEY (`id`),
  ADD KEY `oauth_refresh_tokens_access_token_id_index` (`access_token_id`);

--
-- Indexes for table `options`
--
ALTER TABLE `options`
  ADD PRIMARY KEY (`id`);

--
-- Indexes for table `option_option_values`
--
ALTER TABLE `option_option_values`
  ADD PRIMARY KEY (`id`);

--
-- Indexes for table `option_translations`
--
ALTER TABLE `option_translations`
  ADD PRIMARY KEY (`id`);

--
-- Indexes for table `option_values`
--
ALTER TABLE `option_values`
  ADD PRIMARY KEY (`id`);

--
-- Indexes for table `option_value_translations`
--
ALTER TABLE `option_value_translations`
  ADD PRIMARY KEY (`id`);

--
-- Indexes for table `orders`
--
ALTER TABLE `orders`
  ADD PRIMARY KEY (`id`);

--
-- Indexes for table `order_meals`
--
ALTER TABLE `order_meals`
  ADD PRIMARY KEY (`id`);

--
-- Indexes for table `order_meal_extras`
--
ALTER TABLE `order_meal_extras`
  ADD PRIMARY KEY (`id`);

--
-- Indexes for table `order_meal_options`
--
ALTER TABLE `order_meal_options`
  ADD PRIMARY KEY (`id`);

--
-- Indexes for table `pages`
--
ALTER TABLE `pages`
  ADD PRIMARY KEY (`id`);

--
-- Indexes for table `page_translations`
--
ALTER TABLE `page_translations`
  ADD PRIMARY KEY (`id`);

--
-- Indexes for table `password_resets`
--
ALTER TABLE `password_resets`
  ADD KEY `password_resets_email_index` (`email`);

--
-- Indexes for table `permissions`
--
ALTER TABLE `permissions`
  ADD PRIMARY KEY (`id`);

--
-- Indexes for table `permission_translations`
--
ALTER TABLE `permission_translations`
  ADD PRIMARY KEY (`id`);

--
-- Indexes for table `promo_codes`
--
ALTER TABLE `promo_codes`
  ADD PRIMARY KEY (`id`);

--
-- Indexes for table `promo_code_users`
--
ALTER TABLE `promo_code_users`
  ADD PRIMARY KEY (`id`);

--
-- Indexes for table `restaurant_busines_hours`
--
ALTER TABLE `restaurant_busines_hours`
  ADD PRIMARY KEY (`id`);

--
-- Indexes for table `roles`
--
ALTER TABLE `roles`
  ADD PRIMARY KEY (`id`);

--
-- Indexes for table `role_permissions`
--
ALTER TABLE `role_permissions`
  ADD PRIMARY KEY (`id`);

--
-- Indexes for table `role_translations`
--
ALTER TABLE `role_translations`
  ADD PRIMARY KEY (`id`);

--
-- Indexes for table `settings`
--
ALTER TABLE `settings`
  ADD PRIMARY KEY (`id`);

--
-- Indexes for table `setting_translations`
--
ALTER TABLE `setting_translations`
  ADD PRIMARY KEY (`id`),
  ADD KEY `setting_translations_locale_index` (`locale`);

--
-- Indexes for table `subadmins`
--
ALTER TABLE `subadmins`
  ADD PRIMARY KEY (`id`);

--
-- Indexes for table `subadmin_translations`
--
ALTER TABLE `subadmin_translations`
  ADD PRIMARY KEY (`id`);

--
-- Indexes for table `tokens`
--
ALTER TABLE `tokens`
  ADD PRIMARY KEY (`id`);

--
-- Indexes for table `users`
--
ALTER TABLE `users`
  ADD PRIMARY KEY (`id`);

--
-- Indexes for table `user_cuisines`
--
ALTER TABLE `user_cuisines`
  ADD PRIMARY KEY (`id`);

--
-- Indexes for table `user_images`
--
ALTER TABLE `user_images`
  ADD PRIMARY KEY (`id`);

--
-- Indexes for table `user_searches`
--
ALTER TABLE `user_searches`
  ADD PRIMARY KEY (`id`);

--
-- Indexes for table `user_translations`
--
ALTER TABLE `user_translations`
  ADD PRIMARY KEY (`id`);

--
-- Indexes for table `varification_codes`
--
ALTER TABLE `varification_codes`
  ADD PRIMARY KEY (`id`);

--
-- Indexes for table `websockets_statistics_entries`
--
ALTER TABLE `websockets_statistics_entries`
  ADD PRIMARY KEY (`id`);

--
-- AUTO_INCREMENT for dumped tables
--

--
-- AUTO_INCREMENT for table `activity_log`
--
ALTER TABLE `activity_log`
  MODIFY `id` bigint(20) UNSIGNED NOT NULL AUTO_INCREMENT, AUTO_INCREMENT=201;

--
-- AUTO_INCREMENT for table `admins`
--
ALTER TABLE `admins`
  MODIFY `id` int(10) UNSIGNED NOT NULL AUTO_INCREMENT, AUTO_INCREMENT=12;

--
-- AUTO_INCREMENT for table `admin_roles`
--
ALTER TABLE `admin_roles`
  MODIFY `id` bigint(20) UNSIGNED NOT NULL AUTO_INCREMENT, AUTO_INCREMENT=5;

--
-- AUTO_INCREMENT for table `banners`
--
ALTER TABLE `banners`
  MODIFY `id` bigint(20) UNSIGNED NOT NULL AUTO_INCREMENT, AUTO_INCREMENT=4;

--
-- AUTO_INCREMENT for table `carts`
--
ALTER TABLE `carts`
  MODIFY `id` bigint(20) UNSIGNED NOT NULL AUTO_INCREMENT, AUTO_INCREMENT=88;

--
-- AUTO_INCREMENT for table `cart_extras`
--
ALTER TABLE `cart_extras`
  MODIFY `id` bigint(20) UNSIGNED NOT NULL AUTO_INCREMENT, AUTO_INCREMENT=7;

--
-- AUTO_INCREMENT for table `cart_options`
--
ALTER TABLE `cart_options`
  MODIFY `id` bigint(20) UNSIGNED NOT NULL AUTO_INCREMENT, AUTO_INCREMENT=41;

--
-- AUTO_INCREMENT for table `categories`
--
ALTER TABLE `categories`
  MODIFY `id` bigint(20) UNSIGNED NOT NULL AUTO_INCREMENT, AUTO_INCREMENT=11;

--
-- AUTO_INCREMENT for table `category_translations`
--
ALTER TABLE `category_translations`
  MODIFY `id` bigint(20) UNSIGNED NOT NULL AUTO_INCREMENT, AUTO_INCREMENT=21;

--
-- AUTO_INCREMENT for table `contacts`
--
ALTER TABLE `contacts`
  MODIFY `id` bigint(20) UNSIGNED NOT NULL AUTO_INCREMENT, AUTO_INCREMENT=7;

--
-- AUTO_INCREMENT for table `cuisines`
--
ALTER TABLE `cuisines`
  MODIFY `id` bigint(20) UNSIGNED NOT NULL AUTO_INCREMENT, AUTO_INCREMENT=10;

--
-- AUTO_INCREMENT for table `cuisine_translations`
--
ALTER TABLE `cuisine_translations`
  MODIFY `id` bigint(20) UNSIGNED NOT NULL AUTO_INCREMENT, AUTO_INCREMENT=15;

--
-- AUTO_INCREMENT for table `days`
--
ALTER TABLE `days`
  MODIFY `id` bigint(20) UNSIGNED NOT NULL AUTO_INCREMENT, AUTO_INCREMENT=8;

--
-- AUTO_INCREMENT for table `day_translations`
--
ALTER TABLE `day_translations`
  MODIFY `id` bigint(20) UNSIGNED NOT NULL AUTO_INCREMENT, AUTO_INCREMENT=15;

--
-- AUTO_INCREMENT for table `extras`
--
ALTER TABLE `extras`
  MODIFY `id` bigint(20) UNSIGNED NOT NULL AUTO_INCREMENT, AUTO_INCREMENT=101;

--
-- AUTO_INCREMENT for table `extra_translations`
--
ALTER TABLE `extra_translations`
  MODIFY `id` bigint(20) UNSIGNED NOT NULL AUTO_INCREMENT, AUTO_INCREMENT=201;

--
-- AUTO_INCREMENT for table `failed_jobs`
--
ALTER TABLE `failed_jobs`
  MODIFY `id` bigint(20) UNSIGNED NOT NULL AUTO_INCREMENT;

--
-- AUTO_INCREMENT for table `join_requests`
--
ALTER TABLE `join_requests`
  MODIFY `id` bigint(20) UNSIGNED NOT NULL AUTO_INCREMENT, AUTO_INCREMENT=4;

--
-- AUTO_INCREMENT for table `languages`
--
ALTER TABLE `languages`
  MODIFY `id` bigint(20) UNSIGNED NOT NULL AUTO_INCREMENT, AUTO_INCREMENT=3;

--
-- AUTO_INCREMENT for table `language_translation`
--
ALTER TABLE `language_translation`
  MODIFY `id` bigint(20) UNSIGNED NOT NULL AUTO_INCREMENT, AUTO_INCREMENT=5;

--
-- AUTO_INCREMENT for table `meals`
--
ALTER TABLE `meals`
  MODIFY `id` bigint(20) UNSIGNED NOT NULL AUTO_INCREMENT, AUTO_INCREMENT=12;

--
-- AUTO_INCREMENT for table `meal_images`
--
ALTER TABLE `meal_images`
  MODIFY `id` bigint(20) UNSIGNED NOT NULL AUTO_INCREMENT, AUTO_INCREMENT=55;

--
-- AUTO_INCREMENT for table `meal_translations`
--
ALTER TABLE `meal_translations`
  MODIFY `id` bigint(20) UNSIGNED NOT NULL AUTO_INCREMENT, AUTO_INCREMENT=23;

--
-- AUTO_INCREMENT for table `migrations`
--
ALTER TABLE `migrations`
  MODIFY `id` int(10) UNSIGNED NOT NULL AUTO_INCREMENT, AUTO_INCREMENT=63;

--
-- AUTO_INCREMENT for table `notifications`
--
ALTER TABLE `notifications`
  MODIFY `id` bigint(20) UNSIGNED NOT NULL AUTO_INCREMENT, AUTO_INCREMENT=32;

--
-- AUTO_INCREMENT for table `notification_translations`
--
ALTER TABLE `notification_translations`
  MODIFY `id` bigint(20) UNSIGNED NOT NULL AUTO_INCREMENT, AUTO_INCREMENT=63;

--
-- AUTO_INCREMENT for table `oauth_clients`
--
ALTER TABLE `oauth_clients`
  MODIFY `id` int(10) UNSIGNED NOT NULL AUTO_INCREMENT, AUTO_INCREMENT=3;

--
-- AUTO_INCREMENT for table `oauth_personal_access_clients`
--
ALTER TABLE `oauth_personal_access_clients`
  MODIFY `id` bigint(20) UNSIGNED NOT NULL AUTO_INCREMENT, AUTO_INCREMENT=2;

--
-- AUTO_INCREMENT for table `options`
--
ALTER TABLE `options`
  MODIFY `id` bigint(20) UNSIGNED NOT NULL AUTO_INCREMENT, AUTO_INCREMENT=24;

--
-- AUTO_INCREMENT for table `option_option_values`
--
ALTER TABLE `option_option_values`
  MODIFY `id` bigint(20) UNSIGNED NOT NULL AUTO_INCREMENT, AUTO_INCREMENT=76;

--
-- AUTO_INCREMENT for table `option_translations`
--
ALTER TABLE `option_translations`
  MODIFY `id` bigint(20) UNSIGNED NOT NULL AUTO_INCREMENT, AUTO_INCREMENT=47;

--
-- AUTO_INCREMENT for table `option_values`
--
ALTER TABLE `option_values`
  MODIFY `id` bigint(20) UNSIGNED NOT NULL AUTO_INCREMENT, AUTO_INCREMENT=15;

--
-- AUTO_INCREMENT for table `option_value_translations`
--
ALTER TABLE `option_value_translations`
  MODIFY `id` bigint(20) UNSIGNED NOT NULL AUTO_INCREMENT, AUTO_INCREMENT=25;

--
-- AUTO_INCREMENT for table `orders`
--
ALTER TABLE `orders`
  MODIFY `id` bigint(20) UNSIGNED NOT NULL AUTO_INCREMENT, AUTO_INCREMENT=95;

--
-- AUTO_INCREMENT for table `order_meals`
--
ALTER TABLE `order_meals`
  MODIFY `id` bigint(20) UNSIGNED NOT NULL AUTO_INCREMENT, AUTO_INCREMENT=95;

--
-- AUTO_INCREMENT for table `order_meal_extras`
--
ALTER TABLE `order_meal_extras`
  MODIFY `id` bigint(20) UNSIGNED NOT NULL AUTO_INCREMENT, AUTO_INCREMENT=41;

--
-- AUTO_INCREMENT for table `order_meal_options`
--
ALTER TABLE `order_meal_options`
  MODIFY `id` bigint(20) UNSIGNED NOT NULL AUTO_INCREMENT, AUTO_INCREMENT=79;

--
-- AUTO_INCREMENT for table `pages`
--
ALTER TABLE `pages`
  MODIFY `id` bigint(20) UNSIGNED NOT NULL AUTO_INCREMENT, AUTO_INCREMENT=5;

--
-- AUTO_INCREMENT for table `page_translations`
--
ALTER TABLE `page_translations`
  MODIFY `id` bigint(20) UNSIGNED NOT NULL AUTO_INCREMENT, AUTO_INCREMENT=9;

--
-- AUTO_INCREMENT for table `permissions`
--
ALTER TABLE `permissions`
  MODIFY `id` bigint(20) UNSIGNED NOT NULL AUTO_INCREMENT, AUTO_INCREMENT=61;

--
-- AUTO_INCREMENT for table `permission_translations`
--
ALTER TABLE `permission_translations`
  MODIFY `id` bigint(20) UNSIGNED NOT NULL AUTO_INCREMENT, AUTO_INCREMENT=121;

--
-- AUTO_INCREMENT for table `promo_codes`
--
ALTER TABLE `promo_codes`
  MODIFY `id` bigint(20) UNSIGNED NOT NULL AUTO_INCREMENT, AUTO_INCREMENT=7;

--
-- AUTO_INCREMENT for table `promo_code_users`
--
ALTER TABLE `promo_code_users`
  MODIFY `id` bigint(20) UNSIGNED NOT NULL AUTO_INCREMENT, AUTO_INCREMENT=31;

--
-- AUTO_INCREMENT for table `restaurant_busines_hours`
--
ALTER TABLE `restaurant_busines_hours`
  MODIFY `id` int(11) NOT NULL AUTO_INCREMENT, AUTO_INCREMENT=22;

--
-- AUTO_INCREMENT for table `roles`
--
ALTER TABLE `roles`
  MODIFY `id` bigint(20) UNSIGNED NOT NULL AUTO_INCREMENT, AUTO_INCREMENT=2;

--
-- AUTO_INCREMENT for table `role_permissions`
--
ALTER TABLE `role_permissions`
  MODIFY `id` bigint(20) UNSIGNED NOT NULL AUTO_INCREMENT, AUTO_INCREMENT=61;

--
-- AUTO_INCREMENT for table `role_translations`
--
ALTER TABLE `role_translations`
  MODIFY `id` bigint(20) UNSIGNED NOT NULL AUTO_INCREMENT, AUTO_INCREMENT=3;

--
-- AUTO_INCREMENT for table `settings`
--
ALTER TABLE `settings`
  MODIFY `id` bigint(20) UNSIGNED NOT NULL AUTO_INCREMENT, AUTO_INCREMENT=2;

--
-- AUTO_INCREMENT for table `setting_translations`
--
ALTER TABLE `setting_translations`
  MODIFY `id` bigint(20) UNSIGNED NOT NULL AUTO_INCREMENT;

--
-- AUTO_INCREMENT for table `subadmins`
--
ALTER TABLE `subadmins`
  MODIFY `id` bigint(20) UNSIGNED NOT NULL AUTO_INCREMENT, AUTO_INCREMENT=8;

--
-- AUTO_INCREMENT for table `subadmin_translations`
--
ALTER TABLE `subadmin_translations`
  MODIFY `id` bigint(20) UNSIGNED NOT NULL AUTO_INCREMENT, AUTO_INCREMENT=11;

--
-- AUTO_INCREMENT for table `tokens`
--
ALTER TABLE `tokens`
  MODIFY `id` int(10) UNSIGNED NOT NULL AUTO_INCREMENT, AUTO_INCREMENT=95;

--
-- AUTO_INCREMENT for table `users`
--
ALTER TABLE `users`
  MODIFY `id` bigint(20) UNSIGNED NOT NULL AUTO_INCREMENT, AUTO_INCREMENT=24;

--
-- AUTO_INCREMENT for table `user_cuisines`
--
ALTER TABLE `user_cuisines`
  MODIFY `id` bigint(20) UNSIGNED NOT NULL AUTO_INCREMENT, AUTO_INCREMENT=97;

--
-- AUTO_INCREMENT for table `user_images`
--
ALTER TABLE `user_images`
  MODIFY `id` bigint(20) UNSIGNED NOT NULL AUTO_INCREMENT, AUTO_INCREMENT=80;

--
-- AUTO_INCREMENT for table `user_searches`
--
ALTER TABLE `user_searches`
  MODIFY `id` bigint(20) UNSIGNED NOT NULL AUTO_INCREMENT, AUTO_INCREMENT=12;

--
-- AUTO_INCREMENT for table `user_translations`
--
ALTER TABLE `user_translations`
  MODIFY `id` bigint(20) UNSIGNED NOT NULL AUTO_INCREMENT, AUTO_INCREMENT=25;

--
-- AUTO_INCREMENT for table `varification_codes`
--
ALTER TABLE `varification_codes`
  MODIFY `id` bigint(20) UNSIGNED NOT NULL AUTO_INCREMENT;

--
-- AUTO_INCREMENT for table `websockets_statistics_entries`
--
ALTER TABLE `websockets_statistics_entries`
  MODIFY `id` int(10) UNSIGNED NOT NULL AUTO_INCREMENT;
COMMIT;

/*!40101 SET CHARACTER_SET_CLIENT=@OLD_CHARACTER_SET_CLIENT */;
/*!40101 SET CHARACTER_SET_RESULTS=@OLD_CHARACTER_SET_RESULTS */;
/*!40101 SET COLLATION_CONNECTION=@OLD_COLLATION_CONNECTION */;
